ESTU_GENERO,ESTU_DEPTO_RESIDE,FAMI_ESTRATOVIVIENDA,FAMI_TIENEINTERNET,FAMI_TIENESERVICIOTV,FAMI_TIENECOMPUTADOR,FAMI_SITUACIONECONOMICA,ESTU_DEDICACIONLECTURADIARIA,ESTU_DEDICACIONINTERNET,COLE_AREA_UBICACION,PUNT_LECTURA_CRITICA,PUNT_MATEMATICAS,PUNT_C_NATURALES,PUNT_SOCIALES_CIUDADANAS,PUNT_INGLES,PUNT_GLOBAL
0,15,2,1,1,1,0,0,15,0,53,50,54,53,58.0,265
0,7,3,0,0,1,1,15,45,0,41,38,42,37,49.0,201
1,2,2,0,1,0,1,0,15,0,58,58,51,56,42.0,273
0,31,2,0,1,0,1,45,120,0,70,62,63,62,68.0,323
1,2,6,1,1,1,2,0,180,0,69,63,73,60,80.0,337
1,15,3,1,1,1,1,0,180,0,69,71,64,71,82.0,349
0,12,1,1,0,0,1,45,15,0,62,51,49,55,52.0,270
0,2,1,0,1,0,2,15,45,0,35,30,38,29,37.0,167
0,20,1,1,0,0,2,15,15,0,55,56,56,53,45.0,271
0,3,1,0,1,1,1,45,45,1,57,63,64,56,56.0,298
0,15,3,1,1,1,0,90,45,0,66,72,64,55,68.0,323
0,4,3,1,1,1,2,0,15,0,66,65,71,55,60.0,320
0,8,1,0,1,0,1,45,180,0,60,60,62,60,44.0,296
0,15,2,0,1,1,1,0,15,0,46,55,46,46,41.0,238
1,19,0,1,1,1,2,15,45,0,32,31,44,40,34.0,183
0,23,1,0,1,1,1,45,45,0,55,61,52,47,61.0,272
0,15,2,1,1,1,1,120,15,0,61,57,57,61,60.0,295
0,18,2,1,1,1,0,15,15,0,39,37,31,38,39.0,182
0,4,1,0,0,1,0,15,120,0,51,34,37,44,49.0,210
1,28,2,1,1,1,1,45,120,0,58,62,68,64,65.0,316
1,5,2,0,1,1,1,0,15,0,50,46,36,37,34.0,208
1,15,3,1,1,1,2,0,120,0,66,66,62,58,51.0,310
0,31,2,1,1,1,1,15,120,0,55,53,53,47,48.0,258
0,30,1,1,1,1,2,15,120,0,59,45,48,55,52.0,259
1,28,3,1,1,1,1,45,120,0,59,63,63,63,72.0,314
1,15,2,1,1,1,1,45,45,0,56,55,50,57,52.0,272
0,6,2,0,1,0,2,15,15,0,59,51,57,54,45.0,272
0,15,3,1,1,1,2,45,120,0,69,58,61,55,64.0,305
0,26,1,0,0,1,1,120,15,1,57,52,53,41,49.0,253
0,22,2,0,0,0,1,0,120,0,46,30,34,37,38.0,184
0,14,2,0,1,1,1,45,180,0,37,36,35,34,41.0,180
0,5,3,1,1,1,1,15,45,0,56,57,49,37,59.0,252
1,15,3,1,1,1,0,0,180,1,61,51,57,58,61.0,285
1,15,2,1,1,1,1,15,15,0,54,53,52,53,58.0,267
1,15,2,1,1,1,2,45,15,0,64,65,67,66,76.0,332
1,15,4,1,1,1,2,0,180,0,60,56,59,66,72.0,306
1,14,2,1,0,1,0,90,120,0,60,62,59,53,58.0,292
1,19,3,1,1,0,1,120,120,0,51,67,63,58,58.0,298
0,8,1,0,0,0,1,15,15,0,68,66,61,61,65.0,320
0,18,1,0,0,0,1,45,15,0,55,46,47,52,48.0,249
0,15,2,1,1,1,2,45,45,0,54,54,48,48,49.0,254
0,13,0,0,1,0,1,90,180,0,43,35,45,43,49.0,210
0,18,4,1,1,1,2,90,15,0,64,40,46,60,52.0,262
1,15,3,1,1,1,1,0,180,0,60,62,57,56,58.0,293
0,11,2,0,0,0,1,0,45,0,51,40,37,40,35.0,207
0,10,1,1,1,1,2,15,180,0,45,42,44,34,48.0,209
1,2,1,1,1,1,1,0,180,0,56,59,54,61,46.0,283
1,15,1,1,1,1,1,15,180,0,62,57,57,60,60.0,295
0,5,1,0,1,0,1,0,15,1,40,22,35,31,41.0,163
0,21,4,1,1,1,1,15,180,0,49,47,42,46,55.0,233
0,6,4,1,0,0,0,15,45,0,53,61,57,52,59.0,280
0,22,1,0,0,0,2,15,0,1,52,45,53,47,53.0,248
0,15,3,1,1,1,1,15,120,0,58,57,48,55,55.0,273
1,10,3,1,1,0,0,0,120,0,50,55,49,45,50.0,249
0,4,3,0,0,0,0,15,0,0,61,47,61,58,38.0,277
0,25,4,1,1,1,1,45,180,0,54,52,41,37,63.0,237
0,19,1,1,1,1,0,0,180,1,59,65,62,64,58.0,311
0,20,2,0,0,0,1,0,45,0,46,41,39,36,39.0,202
1,5,4,1,0,1,2,0,15,0,46,43,40,31,45.0,202
1,4,3,1,1,1,1,90,180,0,59,53,51,47,75.0,271
1,21,2,0,1,0,2,15,120,0,63,59,61,62,50.0,302
0,2,1,1,0,0,0,15,180,0,32,33,36,36,34.0,171
1,20,3,1,1,0,2,15,120,0,52,38,37,45,48.0,217
0,22,1,0,0,0,1,90,15,0,56,53,49,39,52.0,247
0,15,3,1,1,1,2,90,180,0,58,54,55,52,58.0,275
0,7,1,0,0,0,1,15,15,1,43,33,28,42,36.0,182
0,15,2,1,1,1,2,0,15,0,48,39,40,34,46.0,203
1,15,1,1,1,1,1,15,120,0,45,37,41,42,51.0,210
0,2,1,1,1,1,1,90,120,0,50,54,51,47,54.0,254
0,4,2,1,1,0,1,15,180,0,57,61,61,60,56.0,297
0,14,2,1,1,0,1,15,120,0,57,58,60,63,53.0,295
0,25,2,1,1,1,1,45,45,0,64,51,46,56,57.0,272
1,2,3,1,1,1,2,0,180,0,45,38,47,32,41.0,203
0,2,1,0,0,1,0,0,0,0,50,43,41,46,39.0,223
1,31,1,0,1,1,0,15,45,0,53,44,44,42,52.0,231
1,4,1,0,0,0,2,15,15,0,56,45,56,62,62.0,277
0,2,2,0,1,0,1,120,180,1,55,38,49,53,48.0,243
1,13,1,0,0,0,1,15,15,0,37,50,42,30,43.0,200
0,15,1,1,1,0,0,45,15,0,62,60,65,69,63.0,320
1,18,1,1,1,1,2,45,45,0,59,62,68,58,60.0,308
1,2,2,1,0,1,1,15,120,1,44,35,35,36,48.0,192
1,28,2,1,0,1,1,0,180,0,61,65,61,60,58.0,307
0,15,2,1,1,1,0,15,120,0,59,55,51,50,66.0,273
0,2,2,1,1,0,2,15,180,0,46,32,37,39,44.0,195
1,29,2,0,1,0,1,45,15,0,65,79,72,79,65.0,365
0,15,3,1,1,1,1,0,45,0,51,57,60,50,56.0,273
0,9,2,1,1,0,1,0,15,0,61,65,62,64,65.0,316
1,15,2,1,1,1,2,15,180,0,48,51,50,38,52.0,236
1,25,3,1,1,1,2,45,120,0,44,46,44,47,50.0,228
0,15,2,1,1,0,1,90,45,0,66,55,63,62,54.0,305
0,13,1,0,0,0,1,45,15,0,51,51,53,40,46.0,243
0,28,1,1,1,1,2,90,120,0,52,63,62,57,67.0,296
0,2,2,1,1,1,1,45,45,0,38,43,48,40,38.0,210
0,15,3,1,1,0,2,15,45,0,46,34,42,42,40.0,205
0,18,1,0,1,1,1,15,15,0,47,47,51,38,38.0,226
1,29,3,0,0,0,1,15,15,0,46,31,39,31,30.0,181
0,13,1,0,1,1,1,45,15,0,45,42,37,33,49.0,200
0,9,1,0,1,1,1,0,15,0,35,32,37,24,39.0,163
1,2,2,0,0,0,0,15,120,0,68,61,61,74,56.0,326
0,25,2,1,1,1,1,90,120,0,65,53,50,51,59.0,275
1,19,2,0,1,1,1,15,15,0,57,46,52,46,47.0,250
0,15,2,1,1,1,0,15,180,0,62,61,56,67,55.0,305
1,15,3,1,1,1,1,15,45,0,57,53,50,43,51.0,254
0,18,2,1,1,0,0,0,180,1,56,46,45,38,36.0,227
0,2,2,0,1,0,1,0,120,1,49,58,56,60,56.0,279
1,10,1,0,0,0,2,0,15,0,51,51,55,58,55.0,269
0,30,2,1,1,1,1,15,120,0,59,56,57,54,53.0,281
1,31,2,0,0,0,1,15,15,1,46,45,38,31,34.0,198
0,2,2,0,0,1,1,45,0,0,40,37,38,38,43.0,193
0,6,2,0,1,0,1,15,45,0,45,49,49,46,49.0,237
0,2,2,1,1,1,2,0,180,0,45,54,49,30,47.0,223
1,28,4,1,1,1,1,45,120,0,61,70,66,63,68.0,326
1,28,1,0,1,0,1,15,120,1,58,52,58,52,54.0,275
0,26,2,0,1,0,1,45,120,0,48,46,45,46,49.0,232
1,20,4,0,1,0,1,15,0,0,46,45,45,44,47.0,226
1,15,1,0,1,0,2,15,0,0,46,51,55,54,54.0,258
0,14,3,1,1,1,2,90,180,0,48,50,56,43,47.0,245
0,15,2,0,1,0,1,45,45,0,52,41,44,46,55.0,232
0,20,1,0,0,0,1,45,120,0,47,30,39,38,40.0,193
0,10,1,0,1,0,1,15,15,0,45,46,40,35,46.0,209
0,2,3,1,1,1,2,0,120,0,54,49,43,42,62.0,241
1,15,3,1,1,1,1,45,120,0,50,51,36,41,58.0,228
1,5,1,0,1,1,2,0,180,0,55,36,36,52,38.0,221
1,10,1,0,0,0,0,90,15,1,52,61,64,56,44.0,286
0,15,2,1,1,1,2,45,120,0,53,41,48,42,52.0,232
0,7,2,1,1,1,1,15,15,0,47,52,46,52,41.0,243
1,15,3,1,1,1,1,45,180,0,63,62,61,58,52.0,302
1,15,3,1,1,1,2,0,180,0,53,44,43,39,48.0,225
0,4,1,1,1,1,1,0,120,0,45,24,33,35,40.0,173
0,31,1,1,0,0,0,15,180,0,70,77,71,68,68.0,356
0,15,2,1,1,1,1,45,180,0,72,70,72,62,60.0,342
0,31,1,0,1,0,1,0,120,0,54,54,57,48,60.0,269
0,14,1,1,1,1,2,0,0,0,61,47,54,60,43.0,273
1,15,2,1,1,1,2,15,45,0,55,61,58,55,53.0,285
1,25,2,0,1,0,2,0,45,0,47,55,53,49,35.0,249
0,5,1,1,1,1,1,45,45,0,70,60,56,64,61.0,312
0,15,4,1,1,1,1,45,120,0,74,77,76,74,83.0,379
1,21,1,0,1,0,0,0,0,0,46,48,53,48,48.0,243
0,22,4,0,0,0,1,15,180,0,49,38,51,39,51.0,224
1,30,2,1,1,1,2,45,120,0,52,61,57,54,51.0,278
1,23,3,1,1,1,1,15,45,0,65,73,70,61,75.0,339
0,22,1,0,1,0,1,15,0,1,54,41,51,57,37.0,248
0,15,1,1,0,1,1,45,120,0,55,46,50,37,44.0,234
0,20,2,0,1,1,1,45,120,0,68,49,48,60,55.0,281
1,14,2,1,1,1,1,15,15,0,58,67,63,63,66.0,315
0,31,1,0,1,1,1,90,15,0,48,45,44,52,45.0,235
0,15,3,1,1,1,1,90,180,0,48,55,51,41,47.0,243
1,19,1,0,0,0,1,15,15,0,41,55,57,37,48.0,238
0,2,4,1,1,1,2,120,120,0,63,60,63,64,70.0,315
1,4,2,1,1,1,1,15,180,0,48,46,39,42,40.0,217
0,12,0,0,0,0,2,15,0,1,23,34,30,36,34.0,155
1,9,1,0,1,0,1,0,0,1,48,54,61,57,62.0,278
1,2,2,1,1,1,1,0,120,0,53,47,49,35,53.0,233
0,14,3,1,1,1,1,15,120,0,45,43,48,50,52.0,235
1,31,2,1,1,0,1,45,180,0,53,61,61,57,58.0,290
0,12,1,1,1,0,1,15,45,0,54,54,52,53,55.0,267
1,13,2,1,1,1,1,45,120,0,50,52,50,36,43.0,233
0,2,1,1,0,1,0,90,180,0,59,62,50,59,59.0,288
0,4,2,1,1,1,2,90,45,0,35,36,29,32,35.0,166
0,15,4,1,1,1,1,0,180,0,70,73,63,74,84.0,355
1,23,3,1,1,0,1,15,45,0,57,49,43,52,57.0,254
0,15,2,1,1,1,1,45,180,0,50,52,44,35,56.0,230
1,31,3,1,1,1,1,45,45,0,51,42,40,47,49.0,227
0,15,2,1,1,1,1,45,180,0,59,61,63,54,63.0,298
0,2,1,0,0,0,1,15,45,0,40,23,35,37,39.0,171
0,6,2,1,1,1,1,45,120,0,74,84,64,76,62.0,368
1,15,3,1,0,1,0,45,45,0,51,28,38,34,46.0,192
0,30,1,0,0,0,1,15,180,0,40,33,42,39,31.0,190
0,14,3,1,1,1,2,45,180,0,57,59,51,50,33.0,263
1,31,2,1,1,0,2,15,120,0,53,54,38,38,44.0,228
1,22,1,0,0,0,1,15,45,1,56,54,52,59,33.0,268
1,2,3,0,1,0,0,15,120,0,58,51,47,65,45.0,272
0,31,2,1,1,1,1,45,180,0,59,45,60,52,71.0,277
0,2,3,0,1,1,2,0,180,0,46,39,40,40,44.0,207
1,15,2,1,0,1,2,15,180,0,61,61,58,50,63.0,290
1,15,2,0,1,0,2,15,45,0,61,49,49,47,49.0,257
0,15,2,0,1,0,1,90,45,0,73,49,49,54,54.0,280
1,4,1,0,0,0,0,45,0,0,59,58,59,51,40.0,277
0,22,1,0,0,0,1,15,15,1,43,48,44,38,44.0,217
1,28,3,1,1,0,2,45,120,0,63,65,63,63,57.0,315
0,28,2,1,0,1,0,15,120,0,60,66,56,70,51.0,310
1,10,2,1,1,1,2,0,180,0,63,44,41,48,50.0,245
0,2,3,1,1,1,1,15,45,0,58,59,60,51,54.0,284
0,2,2,0,0,1,2,45,45,0,44,34,33,30,34.0,176
1,18,1,0,1,0,1,15,180,0,49,62,62,54,56.0,283
1,15,2,1,1,1,1,0,180,0,54,49,55,53,55.0,265
0,7,1,0,1,0,1,0,15,0,52,50,54,50,52.0,258
1,15,3,1,1,1,1,15,15,0,64,61,60,66,71.0,317
0,15,2,1,1,0,1,15,120,0,50,34,38,52,36.0,215
0,9,2,0,0,0,1,90,15,0,55,60,55,59,46.0,282
1,14,1,1,0,0,1,45,180,0,55,50,56,60,59.0,278
0,15,2,1,0,1,0,45,15,0,49,44,45,47,49.0,232
0,2,1,0,0,0,1,15,120,0,43,32,45,38,40.0,198
1,21,3,1,1,1,1,0,45,0,50,28,40,43,40.0,201
1,6,4,1,1,1,1,15,45,0,62,61,61,54,70.0,302
0,5,1,0,0,0,1,45,120,0,65,53,50,62,53.0,286
1,2,1,0,1,0,1,15,15,1,45,27,32,34,33.0,172
0,2,3,1,1,1,2,15,180,0,39,30,43,40,39.0,190
0,15,1,1,1,1,0,90,180,0,43,53,54,41,44.0,237
1,14,2,0,1,1,1,0,120,1,60,60,59,63,56.0,301
0,11,1,0,0,0,1,15,15,0,67,65,70,77,62.0,346
0,22,0,0,1,0,1,90,15,1,50,58,34,39,39.0,224
1,5,2,0,0,0,0,0,45,0,45,45,39,45,53.0,221
1,10,1,0,1,0,2,15,0,1,44,35,34,41,44.0,195
1,7,1,0,1,0,1,45,45,0,60,58,60,56,62.0,294
1,19,4,1,1,1,1,15,45,0,60,46,51,50,38.0,253
1,15,2,1,1,1,1,0,15,0,62,60,54,47,64.0,282
1,14,3,1,1,1,0,45,120,0,46,48,55,40,46.0,236
1,12,4,0,0,0,1,45,0,1,30,29,37,32,41.0,163
1,15,2,1,1,1,1,45,120,0,65,50,52,56,56.0,279
0,26,2,0,1,1,2,15,15,1,47,46,47,30,45.0,213
0,6,2,1,1,1,1,15,45,0,48,53,55,44,50.0,250
1,15,2,1,1,1,1,0,15,0,48,58,49,50,39.0,252
1,18,1,1,1,1,0,15,15,0,45,54,52,45,51.0,246
0,5,2,1,1,1,0,15,120,0,65,71,67,71,80.0,347
1,31,2,0,0,0,1,45,120,1,54,60,65,51,57.0,287
1,14,2,0,1,1,2,15,15,0,57,53,52,47,57.0,263
0,10,1,0,0,0,1,0,15,0,45,36,32,35,31.0,183
0,22,1,1,1,1,2,45,120,1,38,40,27,34,34.0,173
1,28,3,1,1,1,2,0,120,0,53,52,44,51,39.0,246
0,15,3,1,1,1,1,15,120,0,57,58,53,47,51.0,268
0,15,4,1,1,1,1,15,120,0,65,65,54,66,76.0,318
0,13,2,0,1,0,1,0,45,1,52,29,33,36,58.0,195
1,4,2,1,1,1,2,15,45,0,30,29,38,34,43.0,168
0,28,3,1,1,1,1,0,45,0,42,41,44,40,47.0,211
0,15,2,1,1,1,0,15,180,0,53,58,60,49,55.0,275
0,15,2,1,1,1,1,45,120,0,48,54,39,33,52.0,221
1,4,2,1,1,1,0,0,120,0,49,47,34,32,32.0,199
0,2,2,1,1,1,2,90,120,0,64,51,59,60,53.0,290
0,8,1,0,0,0,0,45,45,0,59,56,56,46,52.0,270
1,13,1,1,1,1,2,15,120,0,35,37,33,30,36.0,170
1,2,2,1,1,0,2,15,15,0,38,37,40,32,30.0,181
0,9,2,1,1,1,2,120,120,1,65,62,57,55,61.0,299
1,10,2,0,1,0,2,15,120,1,54,49,49,46,51.0,248
0,23,3,1,1,1,2,0,120,0,67,64,68,65,76.0,334
1,2,1,0,1,0,1,15,180,0,50,43,48,44,45.0,231
0,10,1,0,0,1,1,45,45,0,58,72,67,59,52.0,315
0,15,1,0,1,1,2,15,15,0,55,61,53,59,40.0,278
0,12,1,0,1,1,1,90,45,0,37,34,42,37,39.0,188
1,14,2,1,1,0,2,45,120,0,60,76,63,67,46.0,325
0,16,1,0,0,0,1,0,0,1,34,42,44,32,40.0,191
0,5,2,1,1,1,2,45,120,0,45,48,51,40,39.0,227
0,9,1,0,1,0,0,45,0,0,48,52,55,60,50.0,267
1,8,3,1,1,0,1,45,15,0,47,48,52,44,47.0,238
1,22,3,1,1,1,2,0,45,0,56,54,57,61,53.0,283
1,15,2,1,1,1,1,0,180,0,59,68,66,62,66.0,320
0,15,3,0,1,1,1,15,15,0,52,68,70,67,63.0,321
0,13,2,0,1,0,1,15,45,1,49,48,45,41,44.0,228
1,26,2,1,1,0,1,0,15,0,34,41,43,37,49.0,198
0,14,2,1,1,1,1,45,120,0,66,60,55,64,59.0,305
1,25,1,1,1,1,2,90,120,0,43,36,47,38,35.0,203
0,5,2,0,0,0,1,15,45,0,49,37,37,33,33.0,193
1,4,3,0,1,1,1,15,120,0,61,55,58,55,54.0,285
1,2,3,1,1,1,1,0,180,0,44,48,40,50,54.0,231
0,23,3,1,1,1,2,45,180,0,59,50,48,54,50.0,263
1,2,2,1,1,0,2,15,180,0,55,58,58,58,65.0,289
0,9,1,0,0,1,1,15,15,0,67,51,58,68,55.0,303
1,14,3,1,1,1,1,0,15,0,59,61,58,56,60.0,293
1,20,1,0,1,0,2,45,45,0,52,41,42,49,46.0,230
0,20,1,0,0,0,0,90,15,1,45,40,37,35,48.0,200
1,18,2,0,1,1,2,0,45,0,47,36,41,45,39.0,210
0,2,3,1,1,1,0,45,120,0,61,54,59,62,55.0,293
1,4,1,1,1,1,1,45,120,0,54,56,49,54,46.0,263
0,6,2,0,0,0,1,0,0,0,51,37,43,49,34.0,221
1,4,2,1,1,1,0,0,180,0,40,37,42,42,45.0,203
0,21,2,1,0,1,1,15,180,0,64,51,38,43,53.0,247
1,28,1,0,0,0,1,45,0,0,31,35,36,34,38.0,172
0,2,1,1,1,1,2,45,45,0,55,57,52,34,50.0,248
0,14,2,0,0,0,1,15,15,0,60,59,54,54,40.0,277
0,14,3,1,1,1,1,0,120,0,58,42,42,31,43.0,216
1,2,5,1,1,1,1,0,120,0,46,37,40,35,55.0,203
1,23,1,0,1,1,0,15,120,0,51,57,53,51,50.0,264
1,18,1,0,0,0,0,45,0,0,54,44,45,40,50.0,230
1,2,4,1,1,0,1,90,120,0,55,64,61,69,65.0,312
1,14,2,0,1,0,1,0,0,0,42,44,49,31,45.0,209
1,14,2,1,1,1,1,45,45,0,66,69,59,60,57.0,315
1,15,2,1,1,1,1,90,180,0,66,51,53,58,56.0,285
0,25,2,1,1,1,1,0,180,0,51,54,45,46,46.0,244
1,15,3,1,1,1,1,45,45,0,56,59,53,54,55.0,277
0,20,1,0,0,0,1,120,120,0,60,53,62,59,63.0,294
0,7,3,1,1,1,2,15,180,0,70,65,66,71,66.0,339
1,22,1,0,1,1,1,0,15,0,64,68,64,50,52.0,304
1,4,0,0,1,1,1,15,15,0,46,48,47,42,39.0,226
0,23,2,1,0,1,2,45,180,0,43,32,38,31,49.0,185
0,28,2,1,1,1,2,15,180,0,42,36,41,34,39.0,192
0,14,2,1,1,1,2,45,120,0,33,45,45,30,44.0,193
0,2,2,1,1,1,2,45,45,0,49,63,61,59,43.0,284
1,15,2,1,0,1,1,120,45,0,71,68,61,73,70.0,342
0,29,2,0,0,0,1,45,0,1,53,47,46,49,43.0,242
1,20,1,0,0,0,1,0,45,1,49,39,34,41,41.0,204
0,30,1,0,0,1,1,45,15,1,49,38,43,39,41.0,211
1,26,2,1,1,1,2,0,180,0,52,50,39,40,38.0,223
0,5,2,0,0,0,1,15,120,0,47,49,46,47,51.0,238
1,26,2,1,1,0,1,15,45,0,51,63,55,45,41.0,263
0,31,1,0,1,0,1,0,15,1,49,51,42,44,32.0,227
1,6,2,1,0,1,1,15,180,0,76,69,63,67,76.0,347
0,2,3,1,1,1,1,45,180,1,62,55,54,51,68.0,282
0,15,2,1,1,1,1,90,120,0,65,61,65,65,76.0,325
1,11,2,1,1,0,1,45,120,0,46,40,41,41,42.0,210
1,2,2,0,0,0,1,0,180,1,50,53,46,38,51.0,235
0,26,3,1,1,1,1,0,180,0,49,42,48,40,52.0,227
0,13,1,1,1,1,2,45,180,0,48,50,49,43,47.0,237
0,6,3,1,1,0,1,15,120,0,55,54,60,57,51.0,280
1,21,3,1,1,1,1,15,45,0,44,47,46,35,41.0,214
1,31,2,1,1,1,1,15,45,0,52,47,46,42,51.0,235
0,15,2,1,1,1,1,15,45,0,69,63,60,68,64.0,325
1,22,1,1,1,1,1,15,15,1,61,61,64,52,48.0,293
0,13,2,1,1,1,2,90,120,0,56,55,59,40,50.0,262
1,2,3,1,1,1,0,45,15,0,54,49,42,39,56.0,234
0,6,2,1,1,1,1,15,180,0,45,61,51,41,52.0,248
0,25,0,0,0,0,0,0,0,0,40,41,39,37,32.0,193
0,14,3,0,1,0,2,90,45,0,66,58,57,54,52.0,291
1,29,1,0,1,1,0,90,0,0,70,73,79,75,75.0,372
1,14,1,0,0,0,0,45,0,1,43,45,47,39,51.0,220
0,5,4,1,1,0,2,45,180,0,61,63,61,54,60.0,299
1,18,1,0,0,0,0,15,0,0,48,47,49,42,46.0,232
1,2,4,1,1,1,2,0,120,1,71,75,69,68,77.0,356
0,2,2,0,0,0,1,0,120,0,44,45,34,41,37.0,203
0,25,0,0,1,1,1,15,0,0,47,40,41,50,43.0,222
0,15,2,1,1,1,1,15,45,0,41,45,42,38,43.0,208
0,23,2,1,1,1,2,0,45,0,42,45,41,31,44.0,200
1,22,2,0,0,0,1,45,15,0,73,70,61,73,43.0,336
1,6,1,0,1,0,2,0,0,0,44,45,44,40,50.0,219
1,2,3,1,1,1,1,45,15,0,59,46,45,52,45.0,250
0,23,4,1,1,1,1,15,180,0,55,44,45,37,52.0,229
0,2,1,1,1,0,2,15,120,0,50,43,34,35,34.0,200
0,29,1,0,1,0,0,0,45,0,55,40,41,49,49.0,232
0,6,2,1,0,0,1,120,180,0,61,60,58,58,61.0,297
0,15,4,1,1,1,1,45,180,0,54,72,55,62,63.0,305
1,30,4,0,1,0,1,15,15,1,40,40,37,34,45.0,192
0,4,0,0,1,0,2,15,120,0,51,38,44,40,57.0,222
1,15,4,1,1,1,1,15,45,0,55,46,55,53,58.0,263
0,6,1,0,1,0,1,15,45,0,58,44,43,59,40.0,251
0,23,1,0,0,0,1,0,180,0,43,47,44,44,54.0,226
0,15,2,1,1,1,2,15,45,0,46,54,52,55,54.0,260
0,2,1,0,0,1,2,0,120,1,45,51,47,44,51.0,235
1,15,2,0,1,0,1,15,45,0,61,52,61,63,55.0,295
0,14,3,1,1,0,2,120,180,0,47,43,48,41,46.0,224
0,15,4,1,1,1,1,45,120,0,59,61,58,60,74.0,303
1,2,2,0,0,0,0,90,15,0,60,35,49,50,47.0,242
1,31,3,1,1,1,1,15,180,1,74,69,70,67,76.0,352
1,31,2,1,1,1,1,45,45,0,69,69,65,65,57.0,331
1,6,2,0,0,1,1,0,120,0,56,51,47,52,46.0,255
0,15,1,0,1,0,1,45,120,0,67,66,62,56,56.0,311
0,5,1,0,0,0,1,0,45,1,60,40,47,60,62.0,263
1,2,2,1,1,0,0,15,45,0,44,49,43,48,48.0,231
1,21,4,1,1,1,0,45,120,1,70,50,54,63,75.0,302
1,4,1,1,1,1,0,90,180,0,73,74,68,71,61.0,353
1,11,1,0,1,0,2,90,45,0,44,44,37,34,50.0,203
0,15,2,1,1,1,0,0,120,0,55,43,49,47,41.0,240
0,14,3,1,1,1,1,15,45,0,59,48,51,55,54.0,267
0,15,1,0,0,1,2,15,15,0,37,51,47,43,28.0,216
1,14,1,0,1,1,1,15,45,0,55,55,55,50,46.0,266
0,15,2,1,1,1,1,45,45,0,58,58,57,59,60.0,291
0,15,2,1,0,1,0,120,120,0,57,50,57,55,59.0,275
0,20,3,1,1,1,0,45,120,0,61,50,46,49,63.0,262
0,6,1,0,1,0,2,45,45,0,36,33,33,27,34.0,162
1,6,2,0,1,1,2,45,180,0,60,63,58,57,54.0,295
1,5,1,0,0,0,0,45,120,0,63,73,56,55,50.0,304
1,5,2,0,1,0,1,15,120,0,55,54,57,47,44.0,263
1,31,2,0,1,0,2,15,15,1,51,40,48,43,48.0,228
0,2,2,1,1,1,1,45,180,0,59,46,44,44,50.0,242
0,14,3,0,1,1,1,15,120,0,66,43,50,58,57.0,272
1,25,2,1,1,1,1,15,120,0,52,58,63,62,67.0,297
1,15,2,1,1,1,1,45,120,0,64,70,70,66,61.0,335
1,14,0,1,1,1,0,0,120,0,54,55,55,54,51.0,271
1,26,1,0,1,0,0,0,15,0,56,60,54,51,48.0,273
1,5,1,0,1,0,0,90,180,0,44,52,29,40,34.0,203
1,6,2,1,1,1,2,15,45,0,57,61,51,54,47.0,275
1,26,4,1,1,1,1,45,45,0,63,70,71,62,59.0,330
1,10,1,0,0,0,1,15,45,1,42,44,48,33,48.0,211
0,15,2,1,1,1,1,90,120,0,44,47,46,39,45.0,220
1,20,1,0,1,0,1,15,45,0,42,39,43,37,48.0,204
1,15,3,1,1,1,1,15,45,0,55,58,59,56,52.0,283
1,5,1,0,1,0,1,15,120,0,39,40,40,30,45.0,189
0,17,1,1,1,1,1,45,120,0,64,63,64,55,55.0,305
0,6,1,1,1,1,1,15,45,0,59,60,58,61,75.0,303
1,23,1,0,1,0,1,0,120,0,50,53,36,49,52.0,237
1,4,2,1,0,1,1,15,45,0,44,48,51,40,53.0,232
1,2,2,1,1,1,1,120,15,0,36,43,39,38,34.0,193
0,13,1,0,0,0,1,45,15,0,41,38,35,45,44.0,200
1,31,1,1,1,1,1,45,120,0,64,54,44,33,56.0,247
1,6,2,0,1,1,1,15,0,0,50,49,50,44,38.0,237
0,15,2,1,0,1,1,45,45,0,34,40,46,50,42.0,212
1,30,1,0,1,0,1,0,15,1,55,48,55,50,49.0,259
1,15,2,1,1,1,2,15,15,0,40,38,34,35,36.0,183
1,30,1,0,0,0,1,0,0,1,56,56,57,60,53.0,285
0,14,1,0,1,0,2,15,0,0,26,40,33,32,38.0,166
0,3,1,1,1,1,1,45,120,0,40,33,45,33,51.0,194
1,31,2,1,1,1,2,45,120,1,52,33,43,55,46.0,229
0,26,2,1,1,1,2,15,45,0,45,45,44,32,46.0,209
1,14,1,0,0,0,1,15,0,1,50,46,43,49,50.0,236
1,20,1,0,0,0,2,45,120,0,45,41,43,32,47.0,204
0,14,1,0,1,0,2,45,120,0,56,40,56,50,60.0,256
0,22,2,1,1,1,0,15,180,0,72,72,70,71,62.0,353
0,31,1,0,1,0,2,0,45,0,64,60,64,58,54.0,305
0,15,4,1,1,1,1,15,120,0,57,65,61,64,78.0,315
0,23,1,1,1,1,1,45,180,0,67,73,68,65,62.0,339
0,19,2,0,1,0,1,90,180,0,57,50,35,40,36.0,224
1,28,4,1,1,1,2,120,180,0,72,83,100,82,100.0,427
1,20,2,0,0,1,1,15,45,0,52,42,41,41,40.0,218
0,22,1,0,1,1,2,90,120,1,38,35,34,34,27.0,173
1,23,2,0,1,0,2,45,45,0,47,52,44,36,41.0,222
0,21,6,1,1,1,1,120,120,0,73,68,71,81,80.0,369
0,5,3,1,1,1,2,90,180,0,50,35,41,48,37.0,215
1,14,2,1,1,0,1,15,45,0,41,52,43,27,36.0,202
1,15,3,1,1,1,1,15,120,0,49,48,41,37,46.0,220
1,14,1,0,1,0,1,15,45,0,46,40,51,48,53.0,234
0,31,2,0,1,1,1,45,180,0,45,49,48,51,42.0,239
1,2,3,1,1,1,1,90,180,0,61,59,53,50,57.0,279
1,15,3,1,1,1,2,0,180,0,38,50,46,46,57.0,230
0,28,2,1,1,1,1,90,45,0,53,62,41,49,60.0,260
0,23,2,1,1,0,0,45,180,0,60,63,64,59,57.0,306
0,18,1,0,1,0,1,45,120,0,54,60,38,45,40.0,243
0,28,4,1,1,1,1,45,120,0,79,80,71,70,87.0,380
0,26,2,1,1,1,1,45,120,1,67,69,70,75,77.0,354
1,28,3,1,1,1,1,45,120,0,66,64,63,70,49.0,322
0,5,3,1,1,1,1,15,120,0,47,30,37,41,51.0,198
1,25,2,0,1,0,1,15,15,1,35,51,38,33,45.0,198
1,15,2,1,1,1,1,0,120,0,51,55,50,35,66.0,246
0,2,4,1,1,1,1,45,180,0,64,58,59,65,65.0,309
0,20,2,0,0,0,1,0,120,0,49,20,30,36,48.0,174
1,28,3,1,1,0,1,15,180,0,54,43,50,45,50.0,241
0,11,4,1,0,1,2,45,180,0,36,26,29,40,32.0,163
1,15,3,1,1,1,1,45,180,0,73,79,68,72,77.0,367
1,20,3,0,1,1,1,15,45,0,40,41,41,43,33.0,203
0,25,2,1,0,1,1,45,120,0,43,40,43,45,43.0,214
1,24,1,0,0,0,0,15,120,0,48,62,34,36,46.0,225
0,2,1,0,1,0,2,0,0,1,38,49,44,41,45.0,216
1,20,1,0,1,1,1,15,45,0,53,61,43,52,47.0,259
1,31,2,1,1,1,0,15,15,0,50,41,34,41,33.0,204
1,1,6,0,1,0,2,120,180,1,40,33,33,20,39.0,160
0,23,1,0,0,0,2,0,120,1,59,59,54,58,53.0,286
0,10,1,0,0,0,0,0,0,1,52,48,50,49,44.0,247
0,30,1,1,1,0,1,15,45,0,57,37,42,36,40.0,214
1,15,3,1,1,1,2,0,120,0,51,54,56,45,46.0,255
1,14,3,1,1,1,0,15,45,0,55,47,48,36,55.0,236
0,2,3,1,1,1,0,45,45,0,54,50,49,56,60.0,264
1,15,2,1,1,1,0,0,180,0,61,49,50,51,73.0,272
1,20,2,1,1,0,1,15,45,0,41,32,35,42,59.0,196
0,5,4,1,1,1,1,45,120,0,61,63,57,59,78.0,307
1,15,2,1,1,1,2,120,120,0,54,49,56,58,53.0,271
1,2,3,1,1,1,2,0,180,0,49,41,44,38,49.0,217
1,6,1,0,0,1,1,45,45,0,71,66,68,68,52.0,335
0,2,2,1,1,1,1,45,180,1,35,30,40,29,39.0,170
0,31,2,1,1,1,1,45,120,0,52,43,42,46,46.0,229
0,9,2,0,1,1,1,0,15,0,59,62,51,54,40.0,276
1,29,2,1,1,1,1,15,120,0,59,57,40,57,51.0,265
0,14,1,0,0,0,1,15,15,1,30,33,34,32,32.0,161
1,21,2,0,1,0,1,15,180,0,69,59,61,66,61.0,318
1,5,3,1,0,0,1,15,45,0,63,71,65,62,66.0,327
0,15,3,1,1,1,1,45,120,0,61,58,56,45,57.0,276
0,31,2,1,1,0,2,0,45,0,41,35,35,45,32.0,192
1,28,2,1,1,1,2,45,120,0,61,63,60,45,50.0,283
1,2,2,0,0,0,2,0,45,0,25,38,35,35,38.0,168
1,2,3,1,1,1,2,0,180,0,59,55,60,50,65.0,283
1,10,0,0,0,0,1,15,45,1,55,49,58,51,49.0,265
1,2,1,0,1,0,1,15,45,1,57,49,52,40,45.0,246
1,14,2,0,1,0,1,15,0,0,60,67,62,76,62.0,330
1,2,2,1,1,1,2,0,180,0,43,41,41,40,38.0,205
1,2,1,0,0,0,1,45,45,0,57,62,56,46,49.0,274
0,29,1,0,1,0,1,0,45,0,41,37,45,36,41.0,199
0,2,1,0,1,0,0,15,180,0,48,50,47,48,27.0,233
1,23,2,1,1,1,2,15,45,0,60,70,65,65,65.0,325
1,15,3,1,1,0,0,45,180,0,61,50,54,63,54.0,284
1,15,3,1,0,1,2,15,120,0,60,57,50,43,51.0,262
1,15,2,1,1,1,1,15,45,0,62,70,56,64,53.0,311
0,15,3,1,1,1,0,45,120,0,65,59,65,68,65.0,322
0,31,2,1,1,1,1,15,45,0,55,53,56,59,52.0,277
1,4,1,0,1,1,1,15,45,0,50,58,50,34,49.0,240
1,6,2,0,1,1,1,45,45,0,54,63,62,57,55.0,293
1,18,2,1,1,1,1,0,180,0,45,48,43,43,53.0,227
0,2,1,1,1,1,1,15,45,0,48,43,45,37,34.0,213
0,15,2,1,1,1,1,120,180,0,74,71,74,76,63.0,365
0,18,4,0,0,0,0,15,45,1,36,36,32,27,39.0,166
0,13,0,0,0,0,0,90,120,0,51,49,53,49,50.0,252
1,21,2,1,1,0,1,15,180,0,43,40,47,39,55.0,216
1,19,0,0,0,0,0,15,0,1,41,47,42,42,44.0,215
0,31,1,1,1,1,2,0,15,0,43,40,36,32,40.0,190
0,29,1,0,1,0,2,0,120,0,41,38,43,33,40.0,194
0,23,2,0,0,0,1,0,45,1,42,38,48,41,43.0,212
0,14,3,1,1,1,1,15,45,0,51,36,33,43,40.0,203
0,22,5,1,1,1,0,15,45,1,27,24,37,26,32.0,144
1,4,2,0,1,0,2,45,15,1,39,38,37,29,43.0,182
0,2,3,1,1,0,1,45,180,0,59,59,58,62,42.0,291
0,15,3,1,1,1,1,120,180,0,68,58,54,59,69.0,302
1,11,1,0,1,0,0,15,120,0,65,77,66,55,57.0,325
1,2,5,1,1,1,1,0,45,0,61,52,63,57,70.0,296
1,15,4,1,1,1,1,45,120,0,77,82,78,75,80.0,391
1,2,2,1,1,1,1,45,120,0,52,55,46,41,56.0,245
1,13,1,0,1,0,0,15,15,0,70,64,51,65,51.0,308
0,3,0,0,0,0,2,45,0,0,36,30,33,31,42.0,166
0,31,2,1,1,1,2,0,15,0,61,47,58,40,62.0,262
0,9,3,1,1,1,1,15,120,0,51,50,53,44,50.0,248
1,15,1,1,1,0,1,15,120,0,58,46,54,57,51.0,268
0,21,3,1,1,1,2,15,45,0,58,53,55,57,64.0,282
0,12,1,0,1,1,1,90,120,0,43,37,40,47,41.0,208
1,13,1,0,1,1,1,45,15,0,51,44,47,41,47.0,229
0,13,2,0,0,0,0,15,15,1,43,27,38,30,46.0,177
1,14,2,1,1,1,2,15,120,0,55,52,48,49,48.0,254
0,5,5,1,1,1,1,15,180,0,57,51,46,50,49.0,254
1,2,5,1,1,1,0,90,180,0,60,58,63,63,72.0,309
0,7,2,1,1,0,0,15,15,0,45,35,46,43,36.0,209
0,21,2,1,1,1,1,45,120,0,57,56,55,61,47.0,282
1,31,0,0,1,1,1,15,120,1,50,60,60,56,50.0,280
0,5,2,0,1,0,2,15,120,0,50,40,51,46,45.0,233
1,2,1,0,0,0,0,15,15,0,34,36,36,39,31.0,179
0,31,2,1,0,1,2,15,120,0,60,50,55,51,46.0,267
1,2,3,1,1,1,1,45,120,0,53,46,48,50,58.0,250
0,2,2,0,1,1,1,15,120,1,42,42,36,35,35.0,192
0,5,1,0,0,0,1,15,120,1,36,33,31,33,47.0,172
1,8,2,1,1,1,2,45,120,0,63,50,53,63,79.0,295
0,4,2,1,1,1,1,45,180,0,56,62,60,52,59.0,288
1,4,3,1,1,1,2,15,120,0,38,36,39,39,39.0,190
0,19,1,1,1,1,1,15,45,0,37,26,33,30,43.0,162
1,31,3,0,1,0,2,15,15,0,57,54,54,47,59.0,267
1,11,0,0,0,0,1,15,0,0,37,33,31,36,37.0,172
0,2,1,0,1,0,0,15,15,0,62,51,50,64,44.0,279
1,28,3,1,1,1,2,45,120,0,61,59,66,64,73.0,317
1,28,2,1,1,1,1,15,180,0,57,52,58,54,58.0,277
1,11,1,0,1,0,0,0,45,1,49,28,37,36,51.0,193
0,15,1,0,1,0,1,15,0,0,42,31,39,40,31.0,187
0,2,2,1,1,0,0,15,120,0,49,42,42,40,29.0,211
1,3,1,0,0,0,1,45,0,0,67,64,64,59,63.0,317
1,5,3,1,1,0,1,15,120,0,53,45,53,46,40.0,243
0,5,0,0,1,0,1,15,0,0,33,28,35,20,33.0,147
0,15,1,1,1,1,1,15,120,0,44,37,45,36,42.0,203
0,6,1,1,0,1,1,15,120,0,66,66,61,64,67.0,322
0,20,1,1,1,1,2,0,0,0,48,47,50,34,48.0,225
1,21,2,1,1,0,1,45,45,0,70,59,63,69,65.0,326
1,15,2,1,1,1,2,0,180,0,57,57,51,56,53.0,275
1,21,2,1,1,0,1,45,120,0,54,62,49,47,48.0,263
1,14,4,1,1,1,1,15,180,0,66,56,60,66,76.0,315
1,11,3,1,1,1,1,45,45,0,63,47,57,57,52.0,278
1,15,2,1,1,1,1,15,120,0,46,42,42,37,49.0,212
1,13,1,1,1,1,1,0,120,0,42,53,47,50,45.0,239
0,21,3,1,1,0,1,15,120,0,71,71,64,76,77.0,355
0,14,2,1,1,1,1,45,120,0,60,46,57,46,59.0,264
0,2,1,0,1,0,1,45,45,0,52,52,50,45,48.0,248
0,18,1,0,1,0,1,90,180,0,71,62,60,67,52.0,320
1,30,3,1,1,1,1,15,0,0,44,46,51,49,49.0,238
0,15,2,1,1,1,1,45,120,0,61,61,56,49,62.0,286
0,15,3,1,1,1,1,15,180,0,54,46,49,43,46.0,239
1,26,3,1,1,1,0,45,120,0,70,70,71,74,68.0,355
1,15,3,1,1,1,1,15,15,0,68,55,56,47,68.0,287
1,9,2,1,1,1,1,45,120,0,72,68,56,69,56.0,327
0,15,2,1,1,1,0,0,45,0,67,70,65,55,60.0,320
0,26,1,1,1,1,2,45,180,0,40,40,41,27,39.0,186
0,20,0,0,0,0,0,0,0,0,50,37,30,38,39.0,194
1,5,2,1,1,1,1,0,120,0,67,61,50,59,42.0,290
1,14,0,0,1,0,2,120,45,0,61,53,46,55,55.0,269
1,5,3,1,1,1,0,45,45,0,54,58,56,58,54.0,282
1,28,2,1,0,1,1,15,45,1,48,55,55,49,53.0,259
1,14,2,1,1,1,0,90,120,0,55,60,59,54,59.0,286
0,19,1,1,1,1,1,45,120,0,60,58,46,48,61.0,268
0,21,1,1,1,0,0,120,180,0,58,63,66,60,55.0,306
1,5,1,0,1,0,1,15,0,1,53,47,45,55,40.0,246
0,2,3,1,1,1,2,45,120,0,55,57,57,53,56.0,278
1,31,3,1,1,1,1,15,120,0,48,48,41,40,41.0,220
1,31,1,0,0,0,1,15,15,0,61,55,55,55,50.0,280
1,28,5,1,1,1,0,15,180,0,52,57,61,53,59.0,280
0,14,1,1,0,1,2,15,45,1,58,41,37,43,42.0,223
1,30,2,1,1,1,1,15,45,0,46,43,34,34,44.0,198
0,5,1,0,0,0,1,45,120,0,43,49,47,44,53.0,232
0,2,2,1,1,0,2,90,180,0,47,38,46,52,51.0,231
1,14,3,1,1,1,0,45,120,0,55,52,52,56,47.0,266
1,31,3,1,1,0,1,0,180,0,49,45,51,45,49.0,238
1,22,0,0,1,0,1,45,45,1,49,45,42,39,48.0,220
0,31,6,1,1,1,1,0,0,1,29,29,38,26,43.0,157
0,29,3,0,0,0,1,15,45,0,59,51,50,56,51.0,269
0,18,2,1,1,1,1,15,180,0,46,51,43,41,42.0,225
1,18,2,0,0,1,1,15,120,0,63,80,73,69,70.0,356
0,13,2,0,1,0,1,45,45,0,43,40,45,42,37.0,210
1,5,4,1,0,1,0,0,120,0,74,69,59,70,66.0,339
1,5,1,0,1,0,1,0,45,0,54,47,46,41,43.0,233
1,19,2,1,1,1,1,0,15,0,49,42,37,35,39.0,203
1,15,3,1,1,0,0,0,120,0,62,48,54,66,59.0,288
0,31,1,1,1,1,1,15,15,0,53,55,49,44,48.0,250
0,15,3,1,1,1,1,15,120,0,73,77,70,64,77.0,357
0,31,3,1,1,1,0,0,180,0,55,40,47,42,53.0,233
0,29,1,0,0,0,1,45,45,0,42,41,46,43,47.0,217
1,21,2,1,1,1,1,45,180,0,44,38,36,46,47.0,207
0,17,1,0,1,0,1,15,15,0,44,33,38,40,44.0,196
1,31,2,1,1,1,1,15,45,0,54,62,59,50,58.0,282
0,15,4,1,1,1,2,15,45,0,65,61,61,64,68.0,316
0,2,3,1,1,1,1,120,45,0,56,53,47,51,62.0,263
0,23,0,0,1,0,1,45,15,0,46,37,32,33,32.0,183
1,14,2,0,1,1,1,45,45,1,69,70,65,59,69.0,330
1,21,2,1,1,0,1,0,15,1,47,39,42,44,55.0,220
0,18,1,0,1,0,0,120,0,0,40,41,45,54,51.0,227
1,6,2,1,1,1,1,90,15,0,71,68,67,63,57.0,332
1,6,1,0,1,0,0,0,15,0,36,62,40,47,47.0,232
0,31,1,1,1,0,1,15,45,1,42,24,33,45,41.0,182
1,5,1,0,1,0,2,45,180,0,56,51,54,54,43.0,265
0,10,3,0,1,0,1,45,45,0,39,44,35,29,38.0,184
1,31,5,1,1,1,1,90,120,0,60,61,47,63,58.0,289
1,20,3,0,0,1,1,15,180,1,57,62,63,62,53.0,302
0,14,3,0,1,1,2,0,45,0,38,40,45,39,56.0,208
1,16,1,0,0,0,1,0,0,0,28,34,41,44,33.0,182
0,4,1,0,0,0,1,0,15,0,51,45,51,47,47.0,242
0,22,1,1,1,1,2,45,120,0,71,69,70,66,69.0,345
1,20,1,0,1,0,1,45,120,1,58,68,58,64,50.0,305
0,6,4,1,1,1,1,120,15,0,58,67,65,58,73.0,314
1,31,1,1,1,0,1,15,120,0,42,43,46,41,53.0,219
0,13,2,0,1,1,1,120,15,1,54,48,43,50,46.0,243
0,31,1,0,1,0,1,0,15,0,34,31,32,39,40.0,172
0,26,2,1,1,1,2,90,180,0,46,50,54,42,50.0,241
1,19,3,0,1,0,1,15,45,0,46,47,45,26,46.0,207
1,12,1,1,1,1,1,15,45,0,47,34,41,46,46.0,212
0,15,3,1,1,1,1,45,120,0,66,61,62,54,74.0,309
1,2,2,0,0,1,1,90,45,0,51,66,66,56,53.0,296
0,15,4,1,1,1,1,0,180,0,55,62,59,60,63.0,297
1,5,2,0,1,0,1,15,45,0,48,44,46,45,39.0,226
0,2,1,0,0,0,1,15,45,0,50,48,45,40,31.0,223
0,2,1,1,1,1,1,15,180,0,52,36,44,52,51.0,232
0,5,2,1,1,1,2,45,180,0,68,61,60,61,65.0,313
1,2,1,1,1,1,2,45,180,0,46,37,40,37,46.0,202
1,30,3,1,1,1,1,90,120,0,65,52,66,56,46.0,293
0,15,3,1,1,1,2,15,120,0,44,41,38,34,49.0,200
0,22,1,0,0,0,1,0,45,0,58,52,55,49,53.0,267
1,30,1,1,1,0,2,45,120,0,59,59,50,46,54.0,268
0,11,2,0,1,1,2,120,120,0,66,51,63,75,63.0,318
0,31,1,1,0,0,1,90,120,0,53,47,51,49,38.0,245
0,2,3,1,1,1,1,90,180,0,60,55,54,63,57.0,290
0,15,2,1,1,0,2,15,45,0,50,52,35,47,29.0,223
1,29,2,0,1,1,2,45,120,0,49,47,53,46,52.0,245
1,29,0,0,0,0,2,15,45,1,48,39,44,41,50.0,218
0,25,1,1,1,0,1,15,15,0,35,41,46,41,46.0,206
0,6,2,1,1,1,1,15,180,0,66,65,66,70,69.0,335
0,26,3,1,1,1,0,45,15,0,53,53,47,55,56.0,262
1,10,1,1,0,1,0,0,180,0,53,50,47,43,47.0,241
0,22,3,1,0,1,0,15,15,0,54,56,57,55,57.0,278
0,7,2,1,1,1,0,0,180,0,57,52,49,42,49.0,250
1,13,6,0,1,0,2,0,120,1,43,38,36,31,35.0,184
1,21,3,1,1,1,2,120,180,0,63,70,67,68,68.0,335
1,2,3,1,1,1,1,90,15,0,46,38,41,45,48.0,215
0,21,3,1,1,1,1,15,45,0,71,62,66,61,78.0,330
1,4,1,0,0,0,0,0,0,0,38,41,35,33,49.0,188
1,8,1,0,0,0,1,0,0,1,34,34,30,28,33.0,158
1,4,2,1,1,0,2,15,120,0,53,36,48,48,42.0,230
1,2,2,1,1,1,1,15,120,0,60,60,55,58,59.0,292
1,2,2,1,1,1,1,15,180,0,73,75,68,69,74.0,357
0,11,1,0,1,0,1,15,45,0,50,51,40,41,53.0,230
0,31,1,0,0,0,1,0,0,1,52,48,49,53,51.0,253
1,15,2,1,1,1,1,0,45,0,52,43,52,41,56.0,238
0,13,1,0,0,0,1,15,15,0,54,40,41,33,44.0,211
1,30,1,0,0,0,1,15,0,1,38,41,47,40,39.0,207
0,2,2,1,1,1,1,120,120,0,69,51,65,58,54.0,301
1,4,4,1,1,0,1,120,45,0,44,43,45,27,50.0,203
1,25,1,0,1,1,2,0,45,0,54,55,49,50,38.0,255
1,10,2,1,1,1,1,15,45,0,59,56,56,59,59.0,288
1,4,2,0,1,0,0,45,45,0,44,40,39,49,55.0,220
1,6,2,0,0,1,1,15,15,0,43,58,39,43,58.0,233
1,15,3,1,1,1,2,15,45,0,50,51,54,49,54.0,256
0,26,2,1,1,1,0,0,15,0,61,76,62,65,53.0,325
1,28,2,1,1,1,0,15,45,0,42,47,49,46,53.0,233
0,22,1,0,0,1,0,90,15,1,50,58,59,46,50.0,265
1,12,0,0,1,0,0,0,0,0,38,38,37,47,46.0,202
1,26,3,1,1,1,1,45,120,0,48,42,53,35,51.0,225
0,2,2,1,1,1,1,45,120,0,42,42,43,36,53.0,208
1,22,3,1,0,1,1,45,45,0,42,57,51,32,38.0,225
1,22,3,1,1,1,1,90,15,0,48,72,71,63,65.0,318
1,13,1,0,1,0,1,90,120,0,58,62,55,44,51.0,272
1,2,1,0,0,0,0,15,0,0,61,66,56,63,59.0,307
1,15,2,1,1,1,0,15,45,0,46,60,51,56,48.0,264
1,23,2,0,0,0,1,15,120,0,61,63,59,51,57.0,292
1,20,2,1,1,1,1,15,15,0,69,69,58,62,67.0,323
0,15,2,1,1,1,1,45,120,0,52,53,54,54,54.0,267
0,20,1,0,0,0,2,90,0,1,41,41,47,26,40.0,194
1,22,1,0,1,0,1,15,15,0,54,50,44,37,45.0,231
0,11,1,0,0,0,1,45,45,1,60,59,59,56,58.0,292
1,15,3,1,1,1,1,0,15,0,45,43,42,33,44.0,205
1,5,1,0,0,0,1,15,15,1,39,41,48,30,46.0,200
0,4,3,1,1,1,1,90,120,0,66,76,68,67,81.0,351
1,28,2,1,1,1,1,15,180,1,50,55,45,54,51.0,255
0,7,3,0,1,0,2,45,45,1,47,44,51,47,47.0,236
0,18,1,0,0,0,1,0,15,0,44,50,47,34,39.0,217
1,9,2,1,1,1,2,90,45,0,58,53,52,48,49.0,262
0,25,2,0,0,0,1,15,15,0,46,47,42,42,38.0,219
1,31,2,1,1,1,2,45,120,0,45,47,40,41,41.0,215
1,15,2,1,1,1,1,45,180,0,53,55,50,53,58.0,266
1,6,1,0,1,0,1,15,45,1,61,69,67,69,58.0,329
1,15,4,1,1,1,1,15,45,0,60,59,62,64,53.0,303
1,10,3,1,1,1,1,15,45,0,49,42,48,40,43.0,223
0,4,2,1,1,1,1,45,120,0,47,37,40,37,45.0,203
1,23,1,0,1,0,1,15,15,0,53,65,62,46,55.0,282
0,4,1,0,0,0,1,90,180,0,60,50,52,51,50.0,265
0,28,3,0,0,0,2,0,15,0,44,43,40,30,51.0,201
0,15,2,0,1,1,1,0,120,0,50,45,42,40,32.0,217
0,10,1,0,1,1,2,15,45,1,64,64,54,65,55.0,306
0,31,2,1,1,1,1,15,15,0,50,43,43,45,51.0,228
1,14,3,1,1,1,1,0,180,0,57,59,54,55,57.0,282
1,2,2,1,1,1,0,15,120,0,68,72,67,72,73.0,350
1,24,1,0,0,0,0,0,15,0,36,56,51,33,32.0,215
0,14,3,1,1,1,1,15,180,0,33,44,34,34,38.0,182
0,23,1,0,0,1,1,0,15,0,51,28,39,34,32.0,188
0,4,1,0,1,1,1,45,15,0,44,41,41,41,41.0,208
0,22,1,0,0,0,1,15,45,0,68,65,66,67,59.0,330
0,21,1,0,0,0,0,45,45,0,54,60,62,61,61.0,297
1,31,2,1,1,1,1,0,15,0,42,55,54,53,55.0,257
1,4,4,1,1,1,1,90,180,0,71,74,68,65,80.0,352
1,20,4,0,1,0,1,45,45,1,41,39,39,29,50.0,190
0,14,3,1,1,1,1,0,45,0,52,55,52,48,50.0,258
0,31,2,1,1,1,2,15,120,0,58,53,57,48,59.0,272
1,13,1,0,1,0,1,15,120,1,47,53,45,41,48.0,233
1,5,1,0,1,0,1,15,15,1,50,51,53,53,48.0,257
1,26,5,1,1,1,1,45,45,1,54,62,59,64,58.0,298
1,30,3,1,1,0,1,15,15,0,51,59,57,53,55.0,275
1,25,2,1,1,1,1,45,180,1,65,58,65,62,61.0,312
1,15,2,1,1,1,1,0,120,0,60,55,44,52,43.0,260
0,4,2,1,1,1,1,15,15,0,44,47,50,41,42.0,226
0,15,4,1,1,1,1,90,180,0,61,45,57,56,64.0,277
0,15,3,1,1,1,1,45,180,0,54,53,57,59,54.0,278
0,28,3,0,1,0,1,45,15,1,54,38,39,32,47.0,206
0,31,3,1,1,0,0,120,120,0,64,69,53,51,74.0,302
0,10,2,0,1,0,1,0,120,0,58,60,47,53,52.0,272
1,24,1,0,0,0,0,15,45,0,57,69,52,56,62.0,294
0,2,2,1,1,1,1,90,120,0,44,43,44,48,48.0,225
1,28,2,1,1,1,1,90,45,0,56,44,51,45,50.0,245
0,2,4,1,1,1,1,15,180,0,66,54,63,51,61.0,293
0,4,3,1,1,1,1,45,120,0,57,46,44,43,68.0,245
0,15,3,1,1,1,1,90,120,0,68,48,51,55,50.0,275
1,8,2,0,0,0,1,90,15,0,59,62,64,60,57.0,305
1,6,1,0,1,0,1,15,0,0,54,65,59,54,57.0,290
1,10,4,1,1,1,1,90,120,0,73,78,75,76,81.0,380
1,2,5,1,1,1,2,45,180,0,61,75,66,60,70.0,329
1,28,5,1,1,1,2,0,45,0,65,73,66,64,70.0,336
0,13,0,0,1,0,1,0,15,0,41,31,35,39,37.0,183
1,10,1,0,0,0,1,0,0,0,56,48,40,52,43.0,243
1,2,2,1,1,1,1,15,120,0,52,49,50,37,54.0,238
1,15,3,1,1,1,1,45,120,0,61,41,43,47,61.0,245
0,14,2,0,1,0,1,15,0,1,52,58,51,55,52.0,269
0,30,1,1,1,1,1,0,180,0,64,52,56,57,50.0,283
1,23,2,0,1,0,0,45,45,0,46,52,48,48,48.0,242
1,4,1,0,1,0,1,120,45,0,53,49,51,54,46.0,257
0,4,3,1,1,0,1,0,120,0,60,46,49,41,57.0,248
1,15,3,0,1,1,0,45,45,0,58,61,62,63,61.0,305
0,19,1,1,0,1,1,90,45,0,48,42,41,32,45.0,205
0,31,2,1,1,1,1,15,45,0,46,41,45,39,51.0,217
0,25,3,1,1,1,1,0,45,0,57,52,49,55,57.0,268
0,11,1,0,1,1,1,120,180,0,32,31,47,32,53.0,184
0,20,1,1,1,1,1,120,120,0,71,64,61,63,63.0,323
0,15,2,1,1,1,1,0,15,0,50,42,43,40,49.0,221
0,31,4,1,1,0,2,15,45,0,57,57,58,54,57.0,283
0,6,2,1,1,1,1,45,15,0,60,55,48,55,61.0,275
1,25,4,1,0,1,2,15,120,0,67,67,59,53,47.0,302
1,5,1,1,1,1,2,0,45,0,47,37,49,47,49.0,227
0,2,1,0,1,0,1,15,45,0,50,39,36,37,43.0,203
1,5,2,0,1,0,1,0,15,0,58,20,41,59,36.0,219
0,12,4,0,1,0,1,90,45,0,35,26,40,34,42.0,172
0,2,1,0,0,0,2,0,120,1,35,26,29,38,33.0,160
0,13,1,0,1,0,1,15,180,1,51,43,46,45,53.0,234
0,19,2,0,1,1,1,15,15,0,52,44,45,47,44.0,234
1,15,3,1,1,1,0,0,120,0,55,67,59,52,46.0,287
0,15,2,1,1,1,1,45,120,0,78,68,78,73,79.0,373
1,26,2,1,1,1,2,15,15,0,56,40,37,50,51.0,231
0,31,2,1,1,1,1,15,45,0,41,45,48,49,49.0,230
1,11,1,0,1,1,1,15,15,1,58,65,57,51,57.0,288
0,15,3,1,1,1,1,15,120,0,57,59,51,55,58.0,278
0,2,3,1,1,0,2,45,180,0,51,50,35,41,41.0,220
1,31,3,1,0,1,2,45,120,1,41,36,36,27,47.0,180
0,13,0,0,1,0,1,15,180,1,43,52,51,40,57.0,237
1,15,2,1,1,1,1,0,45,0,42,44,38,43,49.0,212
1,31,2,1,1,1,2,0,180,0,54,48,52,53,53.0,259
1,31,2,1,1,1,1,15,120,0,53,45,52,45,54.0,246
1,14,2,0,1,1,1,45,45,0,60,64,63,61,58.0,308
1,15,3,1,1,1,1,0,120,0,47,51,55,46,43.0,246
1,28,3,0,1,0,1,15,0,1,54,58,51,46,53.0,262
1,30,4,1,1,1,2,0,120,0,49,42,41,42,47.0,219
0,23,2,0,1,1,1,45,15,1,38,45,51,46,42.0,224
0,23,2,1,1,0,1,0,180,0,41,39,48,38,45.0,209
0,2,2,0,1,1,1,15,0,0,36,38,38,27,35.0,174
0,26,6,1,1,1,1,0,45,0,47,52,53,52,79.0,266
0,20,1,0,0,0,1,15,15,0,44,39,37,43,45.0,205
1,15,3,1,0,1,1,90,45,0,57,49,51,55,46.0,262
0,25,2,1,0,0,2,45,45,0,70,67,69,70,63.0,343
1,5,1,0,0,0,1,0,15,0,42,35,28,34,35.0,174
1,8,1,0,0,1,1,45,45,0,54,56,48,51,50.0,260
1,20,4,1,1,0,1,45,120,0,47,44,42,39,44.0,215
1,15,2,1,1,1,1,15,45,0,42,51,52,36,56.0,230
1,2,3,1,0,1,1,15,15,0,35,32,42,42,39.0,189
0,15,4,1,1,1,1,15,180,0,72,71,67,60,61.0,335
0,15,2,1,1,1,1,15,120,0,60,58,58,53,47.0,282
1,4,2,0,1,0,0,120,120,0,63,65,63,69,60.0,323
1,4,2,0,0,0,0,0,15,0,37,38,31,26,37.0,167
1,28,2,1,1,1,1,0,120,0,66,55,62,54,36.0,287
0,5,2,1,1,1,1,120,120,0,67,68,64,63,72.0,330
1,15,1,0,1,0,1,15,45,0,52,50,43,55,42.0,247
1,15,2,1,1,1,0,15,120,0,52,53,43,34,50.0,229
1,6,2,1,0,1,1,0,45,0,38,41,29,27,42.0,172
1,4,4,1,1,0,2,45,45,0,39,50,46,40,42.0,218
1,9,2,1,1,1,1,15,180,0,75,54,68,64,56.0,323
1,12,1,0,0,0,0,0,120,0,39,49,53,33,47.0,219
1,11,1,0,1,0,1,15,45,1,55,52,47,49,47.0,252
0,15,3,1,1,1,2,15,180,0,46,31,30,33,30.0,173
1,5,1,1,0,1,1,15,45,0,36,34,41,44,42.0,195
1,15,2,1,1,0,1,45,120,0,52,37,43,43,49.0,221
0,2,2,1,1,1,1,45,45,0,70,56,57,60,48.0,299
0,24,1,0,0,0,1,120,0,1,34,38,37,37,43.0,185
1,30,2,1,1,1,1,45,180,0,72,61,69,61,72.0,331
1,24,1,0,1,1,1,15,15,1,54,53,52,51,48.0,261
1,31,1,1,1,0,1,15,120,0,53,63,58,45,45.0,270
1,2,1,0,1,1,1,45,120,1,47,33,46,41,33.0,205
0,2,2,1,1,1,1,45,180,0,66,71,66,61,75.0,333
1,15,3,1,1,1,1,0,15,0,53,68,55,46,62.0,280
0,15,4,1,1,1,1,45,120,0,56,50,60,53,60.0,276
0,28,2,0,1,0,2,15,120,0,45,39,36,40,39.0,200
0,30,1,0,1,1,2,15,45,1,39,48,42,42,34.0,210
0,28,2,1,1,1,1,45,120,0,55,56,58,48,59.0,273
1,28,1,1,0,1,1,45,120,0,49,37,51,40,49.0,223
0,29,1,0,1,0,1,15,45,0,44,30,37,31,35.0,177
0,4,2,1,1,1,0,90,45,0,66,66,68,65,77.0,335
0,10,3,1,1,0,1,0,15,1,41,26,29,32,34.0,161
1,29,2,1,1,1,1,90,180,0,70,70,77,62,80.0,353
1,28,1,1,0,0,0,120,15,1,61,66,58,70,54.0,315
1,20,6,0,0,0,1,45,15,1,35,24,31,30,39.0,153
0,5,1,0,1,0,1,15,15,0,44,52,45,43,42.0,228
1,29,2,1,1,1,1,45,120,0,57,54,69,65,61.0,306
1,14,3,1,1,1,2,0,45,0,57,47,55,50,49.0,260
1,2,6,1,1,1,2,0,180,0,50,49,55,59,64.0,270
0,14,3,0,1,1,1,90,180,0,44,52,51,41,42.0,233
1,15,2,1,1,1,1,45,180,0,56,44,47,41,50.0,236
0,18,1,0,0,1,1,15,120,1,36,40,40,31,52.0,190
1,10,2,1,1,1,1,45,180,0,65,67,60,55,58.0,307
0,8,2,0,1,1,1,15,15,0,45,38,44,42,34.0,208
0,31,2,1,1,1,1,45,120,0,74,68,57,60,57.0,321
1,18,2,1,1,1,2,15,45,0,39,37,37,28,33.0,175
1,7,3,1,1,1,1,90,120,0,49,57,60,40,53.0,258
1,4,1,1,1,1,1,90,45,0,68,56,69,64,68.0,323
0,9,3,0,1,0,1,45,45,0,48,47,42,40,44.0,221
1,13,1,0,1,1,1,0,15,0,59,61,69,61,64.0,313
0,31,3,1,1,1,1,0,120,0,52,43,38,45,48.0,224
1,13,3,1,1,1,2,15,180,0,33,37,49,29,51.0,190
0,14,1,0,1,0,1,45,0,1,45,32,41,35,37.0,191
1,15,3,1,0,1,1,90,120,0,67,56,55,62,69.0,303
1,4,0,1,1,1,1,15,45,0,46,46,38,46,41.0,219
0,19,2,1,1,1,1,15,15,0,56,53,54,54,55.0,272
0,15,3,0,1,0,1,0,15,0,33,31,32,32,35.0,161
1,31,3,1,1,1,1,0,120,1,51,48,45,45,56.0,240
0,15,2,1,1,1,2,45,180,0,42,50,53,42,42.0,232
0,28,2,1,1,1,1,15,120,0,52,44,42,37,48.0,220
0,2,3,1,1,1,1,45,180,0,61,60,60,61,67.0,305
1,30,2,1,1,1,1,15,120,0,56,56,60,50,58.0,278
0,19,0,0,0,0,1,120,45,0,40,33,36,39,42.0,187
0,7,3,1,1,1,1,15,180,0,63,60,63,66,73.0,319
0,14,3,1,1,1,1,15,45,0,53,52,50,47,46.0,251
1,11,3,1,1,0,2,45,45,1,39,23,37,29,35.0,161
1,15,3,1,1,1,1,0,120,0,72,80,73,74,65.0,370
0,27,2,1,1,1,2,15,15,1,32,39,36,39,58.0,191
0,5,2,0,1,0,1,0,45,0,49,45,48,46,51.0,237
0,15,3,1,1,1,1,15,120,0,61,58,60,55,68.0,296
0,6,3,0,0,1,1,45,45,0,74,59,60,57,63.0,313
0,30,2,0,1,1,1,15,120,0,49,41,45,55,46.0,237
1,14,3,1,1,1,1,0,180,1,63,68,65,66,56.0,324
0,14,2,1,1,1,1,45,45,0,52,54,53,47,54.0,258
1,15,3,1,1,1,1,45,180,0,46,43,48,47,63.0,237
0,31,2,1,0,1,1,45,180,0,59,55,57,61,55.0,289
1,11,1,0,0,0,1,0,15,0,38,43,34,37,37.0,190
1,2,1,0,0,0,2,15,0,1,46,38,36,42,32.0,199
1,18,1,0,0,0,2,45,45,1,49,35,44,38,42.0,208
1,29,2,1,1,1,1,15,45,0,40,56,50,30,39.0,218
1,8,1,0,1,0,1,90,15,0,54,60,56,51,49.0,274
0,2,1,1,1,1,2,120,180,0,42,30,38,34,30.0,178
0,7,2,0,0,0,1,45,15,0,61,72,62,57,48.0,309
1,31,2,1,1,1,1,0,45,0,51,50,58,43,53.0,253
0,2,2,1,1,1,1,45,45,0,59,47,59,61,55.0,282
1,15,2,1,1,0,1,45,180,0,63,57,67,63,74.0,317
1,4,1,1,0,1,2,15,180,0,35,34,38,37,36.0,180
0,8,1,1,1,1,1,15,45,0,48,60,42,44,47.0,242
0,6,1,0,1,0,1,90,45,0,55,58,53,66,44.0,285
0,14,2,1,1,1,2,15,45,0,49,54,39,46,42.0,233
0,7,2,0,1,1,1,45,15,1,44,48,45,39,35.0,217
0,31,3,1,1,0,0,15,180,0,53,49,31,36,49.0,214
1,2,2,1,1,1,1,120,180,0,67,45,57,59,62.0,287
0,11,0,0,1,0,0,45,15,1,57,49,50,59,57.0,270
1,22,1,0,1,0,1,15,45,1,42,42,39,43,50.0,211
1,5,2,1,1,1,1,45,120,0,53,59,58,42,62.0,268
1,15,1,1,1,1,0,15,120,0,62,59,42,62,52.0,280
0,13,0,0,0,0,1,120,45,1,39,31,38,46,43.0,194
0,24,1,0,1,0,0,45,0,0,53,45,42,43,45.0,228
1,8,2,1,1,1,1,45,120,0,68,73,67,76,69.0,354
1,30,1,1,1,0,2,45,180,0,37,44,52,38,46.0,215
0,7,6,1,1,1,1,15,45,0,75,62,59,70,66.0,332
1,21,3,1,1,0,2,45,180,0,52,49,52,41,54.0,245
0,30,1,1,1,1,1,45,180,0,59,64,58,55,50.0,292
0,2,3,1,1,1,1,45,120,0,58,69,72,67,73.0,335
0,31,2,0,0,1,1,90,120,0,55,47,59,53,57.0,269
0,15,1,0,0,0,1,15,15,0,50,58,49,43,36.0,245
0,2,2,1,1,1,1,45,0,0,36,31,40,39,37.0,183
1,14,1,0,0,0,2,15,180,0,46,49,41,37,52.0,220
1,23,1,1,1,1,0,0,15,0,61,70,56,61,50.0,305
0,18,2,1,1,1,1,45,120,0,57,72,68,62,71.0,326
1,28,1,1,1,1,1,45,120,0,50,61,45,43,52.0,250
0,6,1,0,1,0,1,15,45,0,65,62,62,57,57.0,306
0,23,1,1,1,0,1,90,180,0,62,61,57,66,51.0,303
1,15,3,1,1,1,2,45,120,0,52,59,45,52,49.0,259
0,28,4,1,1,1,2,45,45,0,56,52,61,53,79.0,287
1,21,2,1,1,1,2,15,120,0,48,50,42,36,48.0,222
1,6,1,0,1,0,1,15,0,0,50,64,55,47,57.0,271
1,20,3,1,1,1,2,15,45,0,66,70,65,69,66.0,337
0,2,2,1,1,1,1,45,180,0,62,51,58,63,54.0,291
0,15,2,0,1,0,0,15,45,0,48,42,34,43,48.0,211
1,2,5,1,1,1,1,90,15,0,64,48,37,39,63.0,241
1,23,2,1,1,1,1,15,45,0,65,50,59,61,74.0,300
1,15,1,1,1,1,2,45,120,0,67,55,58,63,63.0,305
0,2,2,0,0,0,0,45,15,1,53,54,53,58,51.0,271
0,11,3,0,0,0,1,90,0,0,56,33,48,48,55.0,235
1,15,1,1,1,1,2,45,120,0,54,56,56,56,59.0,279
0,11,1,1,1,1,2,45,45,0,51,32,49,42,46.0,218
1,4,1,0,1,0,1,0,180,0,56,54,57,63,44.0,282
0,19,2,1,1,1,1,45,15,0,60,65,58,58,62.0,302
0,5,0,0,1,0,1,15,15,1,52,48,43,26,36.0,209
0,15,3,1,1,1,1,0,180,0,64,65,61,65,64.0,319
0,10,2,1,1,1,1,90,120,0,61,70,65,50,67.0,310
1,15,1,1,1,0,1,45,120,0,60,48,62,52,53.0,277
0,15,3,1,1,1,1,15,120,0,52,50,51,52,54.0,257
0,15,3,1,1,1,1,90,180,0,62,61,55,56,56.0,292
0,2,3,1,1,1,0,15,45,0,52,44,37,40,50.0,219
0,2,3,1,1,0,1,0,45,0,47,57,47,36,51.0,235
1,20,1,0,0,0,1,15,15,0,38,38,35,43,38.0,192
1,14,3,1,1,1,1,45,120,0,55,56,50,51,58.0,267
0,29,1,0,0,0,1,15,45,0,42,44,48,38,36.0,212
1,7,2,1,1,1,1,15,15,0,58,46,42,55,50.0,251
0,19,1,0,0,0,1,90,120,0,39,39,39,32,44.0,189
0,11,1,0,0,0,0,0,0,0,44,34,47,37,45.0,204
1,1,0,0,1,0,0,15,0,1,63,49,55,60,42.0,278
0,9,2,1,1,1,1,45,45,0,41,41,48,44,46.0,218
1,15,2,1,1,1,2,120,180,0,61,64,63,64,80.0,322
1,25,3,1,1,1,1,0,45,0,42,61,37,44,50.0,232
1,28,3,1,1,1,1,15,120,0,66,67,66,66,75.0,335
1,10,3,0,1,0,2,0,15,0,44,43,44,26,47.0,199
0,12,1,1,1,1,1,0,180,0,46,39,39,42,42.0,208
0,15,2,1,1,1,1,15,45,0,37,52,42,36,38.0,207
1,15,2,1,1,1,2,15,120,0,54,49,59,54,59.0,272
0,18,1,0,1,1,1,15,45,1,46,38,41,41,50.0,211
1,15,2,1,1,0,0,0,180,0,58,74,66,71,63.0,335
0,13,2,0,1,0,1,15,15,0,44,39,45,33,43.0,202
0,6,2,0,0,1,1,15,45,0,50,51,44,37,39.0,225
1,11,1,0,0,0,1,15,45,0,58,64,59,51,55.0,289
0,31,1,0,0,1,1,15,15,0,37,40,32,31,26.0,172
0,6,1,0,0,0,0,45,0,0,44,52,46,41,49.0,230
1,30,2,0,0,0,1,15,15,1,50,54,53,45,49.0,252
1,15,3,1,1,1,1,15,180,0,54,55,61,55,66.0,285
0,15,1,1,1,1,1,15,45,0,57,39,49,49,54.0,245
1,15,4,1,1,1,1,0,120,0,63,65,61,66,65.0,319
1,14,2,1,1,0,2,0,45,1,52,52,56,60,54.0,275
0,6,3,1,1,1,1,15,15,0,61,69,66,68,62.0,328
0,10,0,0,0,0,1,15,15,0,47,43,34,42,37.0,206
1,14,2,1,1,1,1,0,45,0,52,63,60,53,57.0,285
1,31,2,1,1,1,1,15,45,0,53,65,56,42,47.0,267
0,14,1,0,0,0,1,15,0,0,41,38,32,33,39.0,181
0,21,3,0,1,0,2,0,120,0,42,36,42,30,37.0,187
1,22,1,0,1,0,1,15,15,0,43,47,37,37,37.0,203
1,15,4,1,1,1,1,0,180,0,59,61,62,57,48.0,294
0,15,1,1,1,1,2,15,120,0,58,52,44,45,51.0,249
0,12,0,0,0,0,1,45,0,0,27,32,32,26,47.0,153
1,4,2,1,1,0,2,0,45,0,58,49,42,47,56.0,248
1,30,2,0,1,0,2,15,45,0,48,48,52,48,34.0,239
0,6,2,0,0,0,1,45,120,0,51,55,43,46,49.0,244
1,11,1,0,1,0,2,0,15,1,37,39,34,40,36.0,187
1,19,0,1,1,1,1,0,120,0,42,44,35,35,28.0,191
1,29,2,1,0,0,1,15,120,0,61,71,70,74,73.0,347
1,5,1,0,0,0,1,0,15,1,38,32,30,37,42.0,174
1,31,3,1,1,1,1,0,180,0,49,58,53,46,45.0,255
0,15,3,1,1,1,1,45,120,0,62,59,70,56,73.0,313
1,31,2,1,1,0,0,15,120,0,61,49,51,61,62.0,280
1,21,3,1,1,1,2,0,45,0,50,59,52,47,57.0,262
1,4,2,1,1,1,1,15,180,0,46,52,43,45,49.0,233
1,31,1,0,1,0,1,45,15,0,65,60,67,66,61.0,321
1,29,1,0,1,0,1,15,120,0,56,57,59,62,71.0,297
1,6,2,1,1,1,0,15,45,0,51,63,50,38,57.0,255
0,15,3,1,1,1,1,15,45,0,53,58,54,54,54.0,273
0,14,3,1,1,1,1,0,45,0,52,39,50,39,47.0,226
0,30,2,0,1,0,1,45,15,1,60,57,42,51,58.0,265
1,7,2,1,1,0,1,15,180,0,49,48,50,43,56.0,241
0,21,2,1,1,1,1,90,120,0,65,65,63,62,69.0,321
0,15,3,1,1,1,2,120,180,0,57,73,70,60,72.0,328
1,31,2,1,1,1,2,15,120,0,48,43,40,34,45.0,208
0,22,1,0,1,0,1,15,15,0,40,51,45,35,51.0,217
1,28,1,0,1,0,1,15,45,0,41,48,42,28,39.0,198
1,22,1,0,0,0,1,15,45,1,62,71,63,62,53.0,318
0,19,3,1,1,0,2,0,180,0,43,36,37,33,30.0,183
0,15,2,0,1,1,0,45,120,0,60,48,51,57,49.0,268
1,15,2,1,1,1,1,0,120,0,50,53,50,41,55.0,245
0,10,3,1,0,1,2,0,45,0,40,41,41,47,47.0,213
1,31,0,0,0,0,1,90,120,1,47,46,39,36,42.0,210
0,22,2,0,1,0,1,15,15,0,38,36,35,19,44.0,165
1,4,3,1,1,1,1,90,120,0,44,33,38,39,35.0,191
1,23,4,1,1,1,1,45,180,0,57,64,56,47,63.0,283
1,28,2,1,1,1,1,45,120,0,51,53,46,66,51.0,269
0,15,3,1,1,1,1,90,120,0,65,62,68,53,62.0,310
0,4,1,0,1,0,2,0,45,0,47,42,36,32,49.0,200
1,31,1,0,0,0,0,45,45,1,32,29,33,37,42.0,167
1,28,2,1,1,1,1,90,45,1,63,61,53,70,68.0,311
1,15,3,1,1,1,2,15,180,0,65,64,49,52,54.0,286
1,15,4,1,0,1,0,45,180,0,63,69,67,58,46.0,314
1,2,0,0,0,0,0,45,15,0,42,33,40,30,42.0,183
1,4,3,1,1,1,2,45,120,0,75,82,100,79,82.0,419
0,4,3,0,1,1,1,45,45,0,35,46,44,41,45.0,209
1,10,1,0,0,0,2,45,120,1,39,33,32,38,43.0,180
0,26,1,0,1,0,1,45,15,0,49,48,44,42,45.0,228
1,2,3,0,1,0,1,15,45,0,58,46,59,46,52.0,261
1,18,1,1,1,1,1,45,120,0,56,65,48,47,53.0,270
0,31,2,1,0,0,2,45,15,0,52,52,49,43,36.0,240
0,11,1,0,1,0,1,15,45,1,44,59,58,49,60.0,265
0,7,1,0,1,0,1,15,45,0,51,45,41,36,53.0,220
1,14,2,0,1,0,1,15,120,0,56,52,48,47,55.0,255
0,15,3,1,1,1,1,15,180,0,55,63,58,63,65.0,301
1,31,1,0,1,1,2,15,15,0,51,54,58,51,56.0,268
0,2,3,1,1,1,1,15,120,0,63,50,50,47,54.0,263
0,20,1,1,1,1,1,15,15,0,51,34,41,45,44.0,214
1,25,0,1,1,1,2,0,45,0,42,53,46,36,44.0,221
1,2,2,1,1,1,1,0,180,0,45,47,43,33,59.0,217
0,21,3,1,1,1,1,120,120,0,66,55,62,60,63.0,305
0,14,3,1,1,1,1,15,45,0,64,60,64,70,63.0,322
1,15,4,1,1,1,0,0,120,1,71,71,72,79,73.0,366
0,30,1,1,1,1,1,15,15,0,46,39,49,40,49.0,220
1,14,4,1,1,1,2,15,120,0,62,67,60,64,58.0,314
0,30,1,0,1,1,2,45,45,0,39,43,38,31,43.0,191
0,30,1,0,0,0,2,90,15,0,46,34,41,45,42.0,208
1,4,2,1,1,0,2,45,120,0,48,60,58,34,67.0,257
0,31,2,0,0,0,1,15,0,0,59,60,58,49,49.0,280
0,27,4,1,1,1,2,120,120,0,71,70,64,68,71.0,342
0,31,1,0,1,0,1,15,45,1,63,56,53,49,33.0,268
0,13,1,0,1,1,0,90,15,0,52,54,52,47,58.0,259
0,8,1,1,1,1,2,45,120,0,44,44,40,48,45.0,220
0,2,3,0,1,0,1,45,15,0,27,27,42,29,32.0,157
0,28,2,1,1,1,2,90,180,0,70,71,72,81,85.0,372
0,25,2,0,1,1,1,90,45,0,59,50,52,50,50.0,263
1,23,1,0,1,0,1,15,15,0,53,45,48,46,56.0,243
1,15,1,0,1,1,1,15,45,0,49,34,35,41,49.0,202
0,22,1,1,1,1,1,0,45,1,58,60,49,31,56.0,250
1,2,2,1,1,0,1,0,15,0,50,34,36,42,45.0,204
0,31,1,1,1,0,0,15,45,0,45,48,48,49,50.0,238
1,22,1,0,1,0,2,15,45,0,46,55,44,45,34.0,232
0,15,4,1,1,1,1,90,180,0,59,60,56,54,57.0,286
0,26,3,1,1,1,1,0,15,1,49,48,50,44,44.0,237
0,31,3,0,1,0,1,15,15,0,32,20,33,32,32.0,147
1,15,2,1,1,1,1,45,180,0,59,60,55,53,53.0,282
1,31,2,1,1,1,1,15,45,0,42,38,47,49,61.0,227
0,2,2,1,1,1,2,90,120,0,61,45,56,56,62.0,275
0,14,2,1,1,1,1,45,45,0,44,46,31,37,42.0,198
0,15,3,1,1,1,1,45,180,0,62,75,68,66,68.0,339
0,2,1,1,0,0,1,0,180,0,53,37,29,35,45.0,195
0,28,1,0,1,0,2,15,180,0,53,59,47,46,58.0,259
0,15,1,1,1,1,2,45,120,0,57,60,46,55,44.0,268
0,26,3,1,0,1,1,0,15,0,46,32,41,36,42.0,195
0,28,1,1,1,1,1,15,180,0,58,59,58,51,51.0,280
0,5,1,0,1,0,1,90,120,0,58,40,50,55,60.0,257
0,20,3,1,1,1,1,45,120,0,55,53,45,53,53.0,258
1,15,2,1,1,1,1,45,120,0,58,61,59,54,63.0,292
0,2,2,1,1,1,1,0,45,0,42,38,31,29,46.0,179
1,15,3,1,1,1,1,15,120,0,71,69,64,68,69.0,340
0,2,2,1,1,1,2,15,180,0,42,44,47,32,45.0,208
1,10,0,0,0,0,1,45,120,1,59,59,47,43,51.0,260
0,28,5,1,1,1,2,90,45,0,54,49,51,48,62.0,257
0,2,5,1,1,1,1,0,120,0,70,81,67,79,88.0,377
0,18,2,0,1,0,0,45,180,0,70,49,63,67,64.0,312
1,31,1,1,1,1,2,0,120,0,48,43,43,46,44.0,225
0,14,2,0,0,1,1,45,15,0,52,47,54,52,48.0,255
1,11,1,0,0,1,2,45,45,0,58,54,38,53,57.0,256
0,27,1,0,0,1,0,90,120,0,58,48,48,40,66.0,249
0,21,1,0,0,0,1,15,15,1,34,40,42,43,39.0,198
0,28,2,1,1,1,0,45,45,0,55,54,47,65,59.0,278
0,2,2,0,1,0,1,0,120,0,49,48,42,41,49.0,227
1,20,2,1,1,1,0,15,120,0,52,52,57,57,57.0,273
1,12,1,0,1,0,2,90,15,0,52,35,42,46,47.0,220
1,31,2,0,1,0,1,45,15,1,53,45,47,48,59.0,245
0,14,2,1,1,0,1,15,120,0,55,62,51,59,61.0,285
1,21,4,1,1,1,2,15,45,0,44,23,35,33,45.0,173
0,14,1,0,0,0,1,0,120,0,39,45,45,36,52.0,210
1,12,1,0,0,1,1,45,15,0,38,46,38,30,44.0,192
0,21,1,0,1,1,1,15,120,0,42,40,42,45,38.0,210
0,31,1,1,1,1,0,15,120,0,59,60,61,58,57.0,297
0,22,3,0,1,0,1,15,0,0,52,48,49,44,63.0,247
1,14,1,0,0,0,1,15,45,0,55,53,48,53,53.0,262
1,28,1,1,1,1,1,45,15,0,51,55,47,43,46.0,244
1,22,1,0,1,1,0,15,120,0,60,66,59,68,61.0,315
1,2,3,0,1,0,0,15,15,0,46,42,43,39,49.0,215
1,29,2,0,1,0,0,15,120,0,66,100,71,69,69.0,380
1,2,3,1,1,1,0,90,180,0,63,74,70,69,67.0,344
0,31,1,1,1,1,0,15,45,0,59,47,48,47,38.0,247
0,15,2,1,1,1,1,45,120,0,68,78,65,70,74.0,353
0,2,2,1,0,0,0,0,45,0,42,40,38,31,47.0,192
0,15,2,1,1,1,2,45,120,0,54,49,55,57,35.0,262
0,14,3,1,1,1,1,45,120,0,69,65,61,74,73.0,338
1,29,1,0,1,1,1,45,120,0,47,51,48,32,50.0,225
0,2,2,0,1,0,1,15,15,1,55,58,45,38,40.0,242
1,28,2,0,0,1,1,15,0,0,56,64,52,61,60.0,292
1,2,3,1,1,1,1,15,120,0,64,83,66,57,67.0,337
1,2,1,0,1,1,1,45,120,0,43,33,34,44,39.0,193
0,31,2,1,1,0,1,15,180,0,55,53,49,53,48.0,261
1,20,1,0,0,0,1,0,15,1,36,37,32,31,36.0,171
0,31,2,0,1,0,1,45,0,0,59,49,61,63,62.0,292
1,2,2,1,1,1,1,0,45,0,58,50,53,63,57.0,280
0,13,2,0,1,0,0,15,15,0,45,31,34,40,36.0,187
1,26,5,1,1,1,2,0,180,0,54,55,54,50,55.0,267
0,30,2,0,0,0,1,15,15,0,46,48,50,37,48.0,227
0,30,1,1,1,0,2,15,120,0,53,42,38,45,42.0,222
1,15,2,1,0,1,0,15,45,0,64,70,70,67,58.0,335
0,10,1,0,0,0,1,90,15,0,56,46,42,41,32.0,226
0,7,2,0,1,1,1,45,180,0,39,38,34,44,37.0,193
0,20,2,0,0,0,1,15,45,0,51,49,50,44,30.0,235
0,14,2,1,1,1,0,45,180,0,48,49,44,42,56.0,233
1,19,3,1,1,1,1,45,180,0,55,51,55,50,42.0,260
0,15,2,1,1,1,1,15,0,0,49,36,39,52,49.0,222
0,28,2,0,0,1,1,120,120,0,69,63,61,64,75.0,325
1,31,1,1,1,1,1,0,120,0,64,59,63,52,64.0,299
1,12,0,0,1,0,0,45,15,0,43,44,42,31,31.0,197
0,4,1,0,0,0,2,0,180,0,41,29,36,44,45.0,190
0,31,3,1,0,1,1,0,45,0,46,42,49,48,53.0,234
0,14,1,0,1,0,2,45,120,0,46,46,40,46,40.0,221
1,10,1,0,1,0,1,15,45,0,54,44,55,59,49.0,263
0,31,2,1,1,1,1,45,15,0,50,56,55,64,54.0,280
1,15,1,1,1,0,1,45,180,0,63,65,70,66,63.0,329
1,24,3,1,1,1,1,45,120,0,61,49,56,57,66.0,283
1,21,1,1,1,1,2,0,120,1,47,63,51,45,31.0,250
1,28,1,1,1,1,2,0,120,0,50,52,47,31,48.0,226
1,31,2,1,1,1,2,45,180,1,72,64,61,66,80.0,334
0,15,3,1,1,1,2,45,120,0,68,58,58,62,61.0,307
1,15,2,1,1,0,0,0,180,0,71,80,73,71,78.0,370
0,2,3,0,1,0,1,15,120,1,33,39,40,31,37.0,179
0,14,2,1,1,1,1,45,180,0,64,48,55,67,63.0,294
1,31,1,1,0,1,1,15,180,0,42,37,49,35,46.0,206
1,13,1,0,1,0,1,45,45,0,56,43,41,57,45.0,245
1,21,3,0,1,1,1,90,120,0,53,52,44,44,39.0,238
0,22,3,0,1,0,1,15,120,1,43,42,43,32,47.0,203
1,17,0,0,1,0,0,15,120,1,49,28,39,29,34.0,180
0,14,2,1,1,1,0,45,120,0,60,66,59,59,73.0,310
0,6,1,0,0,1,2,120,15,0,54,56,61,55,57.0,283
0,15,2,0,0,1,2,15,45,0,57,48,48,52,37.0,251
0,2,1,1,1,1,1,15,120,1,48,49,39,46,35.0,223
0,2,1,0,1,0,1,15,0,0,42,31,37,37,38.0,184
1,15,3,0,0,0,0,45,15,0,66,77,67,65,69.0,344
0,6,2,0,1,0,1,15,15,0,45,42,48,34,47.0,213
0,5,4,0,1,0,1,45,15,1,40,58,44,48,49.0,238
1,18,1,0,1,0,1,120,180,1,42,42,40,34,37.0,197
1,5,1,0,1,0,2,15,45,1,31,45,42,28,48.0,187
0,23,4,1,1,1,1,15,180,0,67,39,35,59,76.0,260
0,15,2,1,1,1,1,45,45,0,52,50,48,42,63.0,246
1,15,3,1,1,1,2,15,45,0,52,58,56,39,47.0,255
1,15,1,1,1,1,2,0,15,0,70,65,67,65,62.0,332
1,2,1,1,0,1,1,15,180,1,65,55,52,58,47.0,283
0,14,2,1,1,1,1,45,15,0,61,53,49,59,75.0,285
0,15,4,1,1,1,2,15,180,0,55,53,54,53,60.0,271
0,20,1,0,0,0,1,45,120,0,50,47,53,62,44.0,262
0,6,1,0,0,0,1,15,15,0,57,47,51,42,59.0,250
0,15,3,1,1,1,1,45,180,0,61,72,70,62,81.0,337
0,15,1,1,1,1,2,15,180,0,28,17,36,31,32.0,142
1,23,1,1,1,1,1,0,45,1,60,54,49,39,45.0,250
1,14,2,1,1,1,1,0,15,0,60,61,65,65,57.0,312
0,15,2,1,1,1,1,45,45,0,47,44,45,44,40.0,223
1,15,2,1,0,0,1,15,45,0,58,55,56,50,39.0,268
1,22,3,1,1,0,1,15,180,0,39,31,39,44,42.0,193
0,2,2,0,0,0,1,90,0,1,38,33,42,35,50.0,190
0,10,0,0,0,0,2,90,0,1,44,33,39,35,41.0,190
0,15,3,1,1,0,1,15,120,0,45,57,39,38,43.0,223
0,25,3,1,0,1,1,15,180,0,58,61,50,67,61.0,296
1,26,1,0,1,0,2,90,45,1,49,54,48,42,45.0,240
0,25,3,1,0,0,1,45,45,0,50,53,48,45,57.0,248
1,23,1,1,1,1,1,15,45,0,50,56,48,37,47.0,238
0,10,3,0,1,1,2,90,45,1,44,45,50,48,41.0,232
0,28,1,1,1,0,2,0,45,0,37,37,39,36,36.0,186
1,15,2,1,0,1,0,45,45,0,50,55,59,52,61.0,273
1,28,1,0,1,0,0,15,15,1,51,55,53,50,48.0,260
0,2,1,0,1,0,1,0,45,0,52,57,49,53,44.0,260
0,21,0,0,0,1,0,15,120,0,47,38,39,27,51.0,194
0,31,1,0,0,0,1,15,15,0,59,36,56,42,57.0,245
0,2,3,1,1,1,2,45,120,0,64,55,55,51,56.0,281
0,4,3,1,0,1,1,45,45,0,63,37,55,66,61.0,278
0,2,2,1,1,1,1,90,120,0,69,70,66,59,57.0,327
0,15,2,1,1,1,1,15,45,0,65,69,65,69,85.0,342
1,26,2,0,1,1,1,45,45,0,61,68,69,69,65.0,333
0,20,1,0,0,0,1,45,180,0,49,35,32,36,44.0,192
1,11,2,0,1,0,0,15,45,0,48,38,41,28,44.0,196
0,28,1,0,1,0,1,15,180,1,44,49,42,40,43.0,218
1,14,2,1,1,0,1,15,45,0,58,64,54,56,48.0,286
1,15,1,0,0,0,1,15,45,0,56,46,50,63,42.0,264
0,2,2,0,1,0,1,45,15,0,32,35,35,26,32.0,160
1,2,3,1,1,1,1,45,180,0,73,83,74,76,80.0,384
1,26,3,0,1,1,2,45,15,0,63,60,60,60,47.0,298
0,15,2,1,0,1,2,15,120,0,45,35,41,47,50.0,213
1,14,1,1,0,1,1,15,120,0,62,60,58,49,59.0,287
0,31,1,1,1,0,1,15,45,0,55,60,52,49,50.0,268
0,27,2,0,1,1,0,120,180,0,65,61,61,61,60.0,309
0,20,1,0,0,0,1,45,45,1,64,59,56,58,60.0,297
1,30,2,1,1,1,1,15,45,0,43,61,51,47,33.0,246
1,2,3,0,1,0,1,90,120,1,51,59,46,39,58.0,247
1,10,1,0,1,1,2,0,15,0,45,33,29,26,42.0,170
0,22,1,0,1,1,1,45,45,0,56,63,58,51,52.0,283
0,31,3,1,1,1,1,45,180,0,61,58,59,64,59.0,302
0,2,2,1,1,1,1,45,120,0,59,62,58,74,68.0,318
1,15,3,1,1,1,1,15,120,0,47,56,51,50,48.0,254
0,24,1,0,1,0,1,15,45,0,47,43,42,45,48.0,223
1,30,0,0,1,1,1,15,45,0,39,39,38,32,44.0,188
0,13,2,0,1,0,2,45,120,1,46,36,32,38,35.0,189
1,14,3,1,1,1,0,0,180,1,67,70,63,64,71.0,332
0,4,0,1,0,0,1,0,45,1,31,36,40,21,39.0,163
0,9,1,0,0,0,2,15,120,1,49,43,49,53,52.0,244
1,24,3,0,0,0,2,15,0,1,42,32,42,36,37.0,190
1,15,3,1,1,1,1,15,120,0,52,42,40,46,49.0,227
0,6,1,0,0,0,1,45,15,0,64,66,60,64,53.0,313
0,2,2,0,0,0,2,90,15,0,45,44,50,47,34.0,228
0,22,3,1,1,1,1,45,45,0,59,63,59,52,65.0,294
1,18,1,0,1,0,1,90,15,0,43,29,39,22,29.0,165
1,31,2,1,1,1,2,45,45,0,55,46,45,38,49.0,231
1,7,3,1,1,1,1,0,45,0,59,55,37,52,48.0,253
0,14,2,0,1,1,1,90,45,1,52,46,41,39,50.0,225
1,6,3,1,1,1,0,0,45,0,70,68,66,66,63.0,336
0,20,1,1,1,0,1,90,45,0,60,49,52,59,61.0,277
1,15,4,1,1,1,1,15,45,0,55,60,61,60,69.0,299
1,13,2,0,1,0,1,15,180,1,57,58,61,52,60.0,286
0,2,2,1,0,1,1,45,120,1,51,53,52,48,38.0,250
0,15,2,1,1,1,1,0,180,0,64,60,64,59,60.0,308
0,11,2,1,1,1,1,0,180,0,42,45,38,28,45.0,194
0,15,2,1,1,1,2,15,15,0,54,43,46,44,47.0,234
1,11,1,0,1,0,2,0,120,0,56,49,39,46,60.0,242
0,9,1,1,1,1,0,45,45,0,63,60,54,60,45.0,291
0,14,2,1,1,0,1,15,180,0,56,61,53,43,55.0,267
1,15,3,1,1,1,1,0,15,0,48,53,55,43,47.0,248
1,2,1,1,0,1,0,90,120,0,68,69,61,70,64.0,334
1,28,1,1,1,1,1,15,45,0,57,53,51,46,50.0,258
0,5,2,1,1,0,0,15,120,0,59,60,58,53,65.0,290
1,7,2,0,0,0,1,0,15,0,66,60,53,55,55.0,291
0,30,1,1,0,0,0,15,45,0,44,41,37,41,30.0,200
1,28,4,1,1,1,1,0,180,0,47,40,30,55,52.0,218
1,2,3,1,1,0,0,15,180,0,67,70,62,64,67.0,329
0,4,3,1,1,0,1,45,15,0,60,51,46,60,68.0,277
0,8,2,0,1,0,1,15,45,0,47,37,43,39,45.0,209
0,25,2,1,1,1,1,45,180,0,65,49,64,65,59.0,303
0,20,1,1,1,0,1,15,120,0,40,42,41,28,40.0,190
1,13,2,0,0,0,1,15,15,1,37,39,40,32,41.0,187
1,22,1,0,1,0,1,15,45,1,47,63,57,42,60.0,264
0,28,2,1,1,1,1,45,120,0,68,65,57,61,60.0,313
1,30,1,0,0,0,0,15,0,1,43,42,47,51,32.0,223
0,4,1,1,0,0,0,45,45,0,54,56,52,42,50.0,255
0,22,1,0,0,0,0,0,15,0,55,47,51,47,61.0,254
0,4,2,0,1,1,1,90,45,0,62,60,54,63,59.0,298
1,5,2,0,0,0,1,15,45,0,60,54,36,58,48.0,258
0,13,3,1,1,0,2,45,180,0,44,42,42,48,44.0,220
0,15,3,1,1,1,1,15,15,0,61,50,57,52,62.0,278
1,15,3,1,1,1,1,45,180,0,50,57,59,47,65.0,271
1,28,3,1,1,1,1,45,45,0,72,64,69,69,65.0,341
0,2,1,1,1,1,2,0,180,0,45,40,39,30,31.0,190
0,30,1,0,1,0,1,45,45,0,57,45,47,48,38.0,242
0,4,1,1,1,1,1,15,45,0,67,70,65,67,72.0,338
0,2,6,1,1,1,0,15,180,0,68,63,68,69,76.0,338
1,13,2,1,1,1,0,0,120,0,70,65,59,73,64.0,333
1,14,2,0,1,1,1,45,15,1,51,48,49,51,53.0,250
0,22,3,0,1,0,1,15,45,0,51,45,48,55,62.0,253
0,28,6,0,1,0,1,0,180,0,36,32,31,37,39.0,172
0,9,2,0,1,1,1,0,15,0,55,41,46,23,43.0,207
1,6,3,1,1,1,1,0,45,0,53,57,48,50,55.0,261
0,28,2,1,1,1,2,120,120,0,63,53,53,52,76.0,284
1,15,4,1,1,1,2,45,180,0,68,65,66,63,69.0,329
1,2,1,1,1,1,1,0,45,1,49,62,56,57,54.0,279
0,21,2,0,0,0,1,90,15,0,60,59,56,65,54.0,298
0,28,1,0,0,0,1,45,15,0,64,74,68,63,63.0,335
0,15,3,0,1,1,0,45,180,0,68,50,56,55,55.0,285
0,14,3,1,1,1,1,45,120,0,77,63,69,72,66.0,350
1,31,2,1,1,1,1,15,120,0,66,53,39,61,58.0,275
0,2,2,0,1,0,1,90,15,0,49,50,52,49,59.0,253
0,4,3,1,1,1,1,45,45,0,66,76,69,75,68.0,356
0,10,1,0,0,0,1,15,45,0,53,52,49,43,51.0,247
0,15,4,1,1,1,2,15,120,0,75,77,68,75,80.0,371
1,4,2,1,1,0,1,15,45,0,46,41,37,42,38.0,206
1,7,4,1,1,1,1,0,45,1,50,45,38,33,42.0,208
0,5,3,1,1,1,1,15,45,0,48,51,39,42,54.0,228
1,15,2,1,1,1,2,0,180,0,53,60,56,54,50.0,277
1,26,3,1,1,1,2,45,45,0,52,48,55,53,50.0,259
1,15,4,1,1,1,2,15,45,0,63,57,57,61,60.0,298
1,24,2,0,1,0,1,0,15,0,39,37,34,31,34.0,176
0,3,2,1,1,0,1,45,120,0,67,69,66,70,67.0,340
1,22,1,0,1,0,2,90,15,0,44,39,39,34,38.0,195
1,23,1,0,1,0,1,15,120,0,68,55,63,75,64.0,326
0,6,2,0,0,1,0,45,45,1,72,64,62,70,61.0,333
1,2,3,1,1,1,2,45,120,0,63,63,51,55,58.0,290
1,5,4,0,1,1,2,15,15,0,52,29,41,45,46.0,210
1,29,5,0,1,0,1,15,120,1,42,24,36,30,32.0,165
0,4,1,0,0,0,1,0,0,0,47,53,43,52,48.0,243
0,6,1,0,0,0,1,0,180,0,52,54,47,48,48.0,250
1,14,1,0,1,1,1,15,45,1,61,57,58,52,55.0,284
0,5,1,0,1,0,1,45,45,0,51,38,46,38,34.0,213
0,6,1,0,1,0,1,15,0,0,62,63,64,53,50.0,298
0,23,2,1,1,1,1,15,180,0,56,47,44,52,55.0,251
0,22,3,0,1,0,0,45,120,1,59,39,45,36,39.0,222
0,12,0,1,0,1,2,15,120,1,36,27,34,32,29.0,160
0,15,3,1,1,1,2,45,180,0,72,70,67,72,69.0,351
1,4,5,1,1,1,1,90,180,0,38,39,44,46,47.0,211
1,2,2,0,1,0,1,45,45,0,42,44,45,47,50.0,225
1,14,2,1,1,1,2,0,180,0,38,33,40,26,44.0,175
1,20,1,1,1,1,1,15,120,0,60,65,55,42,57.0,278
1,10,2,0,1,0,2,0,120,0,34,35,32,23,49.0,162
0,15,3,0,1,1,2,90,15,0,57,51,45,30,51.0,231
0,28,2,1,0,1,2,15,120,0,59,58,59,60,53.0,293
1,14,1,0,1,0,1,15,15,1,40,50,49,43,56.0,232
0,6,3,1,1,1,1,15,120,1,62,58,65,59,72.0,309
1,22,4,0,0,0,0,15,15,0,59,56,54,48,35.0,264
0,31,0,1,1,1,1,15,120,0,58,32,45,32,62.0,217
0,28,5,1,1,1,2,15,45,0,70,74,67,53,77.0,334
0,4,1,1,0,1,1,15,45,0,60,55,49,47,47.0,262
0,8,1,0,1,1,0,15,180,0,64,63,52,63,52.0,299
0,18,2,1,1,0,2,45,180,0,55,56,52,52,73.0,276
1,2,2,1,1,0,1,45,120,0,45,48,45,45,40.0,227
1,11,2,0,1,0,1,0,45,0,69,61,56,63,52.0,307
1,5,1,0,1,0,1,15,0,1,41,32,36,41,41.0,189
0,23,1,1,1,1,1,0,15,0,46,46,43,35,50.0,215
1,31,2,1,1,1,1,45,120,0,63,56,61,60,45.0,294
1,28,2,1,1,1,1,0,45,0,45,48,46,46,47.0,232
0,25,2,1,1,0,1,45,180,0,50,62,55,51,50.0,271
0,31,2,1,1,0,1,15,45,0,32,43,37,37,39.0,187
0,19,1,1,0,1,2,15,120,0,32,38,38,37,35.0,181
1,15,4,1,1,1,0,45,120,0,46,57,55,51,69.0,268
1,22,1,0,0,0,1,15,0,1,61,56,58,62,55.0,295
0,15,3,1,1,1,2,90,120,0,45,37,56,45,64.0,236
0,15,2,1,1,1,2,45,45,0,52,47,50,47,55.0,247
1,2,2,1,0,1,1,45,45,0,65,69,63,70,59.0,331
0,31,2,1,1,1,1,15,45,0,62,65,58,63,53.0,307
1,13,0,0,0,0,1,15,0,1,39,35,35,34,33.0,178
1,22,2,1,0,1,1,45,15,0,69,64,61,42,50.0,292
0,23,1,0,0,0,2,45,45,1,47,38,42,39,46.0,209
0,4,1,1,1,0,0,15,180,0,49,42,43,40,39.0,216
0,30,2,0,0,0,1,15,45,0,57,43,41,37,45.0,223
1,2,3,1,1,1,1,0,120,0,52,36,39,28,55.0,200
0,31,1,1,1,0,2,15,120,0,43,49,31,46,47.0,213
0,2,4,1,1,1,2,15,120,0,54,49,51,42,40.0,242
1,22,3,0,1,0,1,45,15,0,66,61,55,65,54.0,306
0,24,1,0,0,0,1,15,15,0,46,44,40,36,43.0,208
1,9,2,1,1,1,1,15,45,0,63,74,72,67,58.0,341
1,15,2,0,1,0,1,90,15,0,63,59,58,60,58.0,299
0,30,2,1,1,1,1,15,180,0,61,49,57,54,58.0,277
1,15,2,1,1,1,1,45,180,0,58,49,46,38,47.0,238
1,23,2,1,1,1,0,45,15,0,78,78,72,72,73.0,374
1,30,3,0,1,0,2,45,45,0,33,28,38,32,32.0,163
0,15,3,1,1,1,1,45,45,0,63,58,52,54,48.0,280
1,15,2,0,1,0,1,15,15,0,52,51,49,54,53.0,258
0,31,2,1,1,1,1,45,45,1,62,59,63,61,57.0,305
0,7,3,1,1,1,1,15,180,0,68,67,67,61,73.0,332
1,14,4,1,1,1,2,0,45,0,53,55,52,51,50.0,263
1,15,2,0,1,1,1,15,45,0,42,42,35,48,38.0,207
0,2,3,1,1,1,1,45,120,1,70,67,57,67,55.0,322
0,30,3,1,1,1,2,0,180,0,46,34,32,34,43.0,185
1,6,3,0,1,0,2,45,45,1,36,35,41,35,47.0,188
0,19,1,1,1,1,1,120,180,0,62,53,51,54,60.0,277
0,2,4,1,1,1,1,45,120,0,65,55,64,53,74.0,302
1,12,4,0,1,0,1,45,15,0,39,44,41,31,46.0,197
1,14,2,0,1,1,1,15,15,0,64,69,74,76,64.0,351
0,25,5,1,0,1,1,45,45,0,70,59,65,65,78.0,329
0,31,2,1,0,1,2,45,0,0,60,60,63,53,67.0,298
1,4,0,1,1,0,2,45,120,0,34,50,47,30,44.0,203
1,28,3,1,1,1,1,0,180,0,54,59,57,55,58.0,282
0,18,1,0,0,0,1,15,0,0,46,46,48,43,42.0,227
0,15,2,1,0,1,1,45,15,0,31,44,46,35,42.0,196
1,18,2,1,1,1,1,0,120,0,46,62,61,47,51.0,269
0,31,5,1,1,1,2,0,180,0,36,40,39,38,33.0,189
1,15,2,1,1,0,0,45,120,0,61,49,59,60,61.0,288
0,26,1,0,0,0,1,45,45,1,36,31,36,37,35.0,175
1,15,2,0,1,0,2,15,15,0,35,30,37,28,42.0,166
0,6,2,0,0,1,1,15,45,0,50,50,52,52,44.0,252
1,15,2,1,1,0,0,45,180,0,66,67,63,68,62.0,328
0,8,1,0,0,0,1,15,45,0,48,49,44,44,41.0,229
0,13,2,0,1,1,0,15,120,0,60,41,53,56,60.0,265
1,28,5,1,0,1,1,0,15,0,56,59,55,57,50.0,281
1,13,1,0,0,0,1,15,0,1,44,43,53,44,40.0,228
1,31,1,1,0,1,2,0,15,0,53,48,54,54,49.0,260
0,4,2,1,1,1,1,15,15,0,48,50,48,51,54.0,248
1,28,3,1,1,1,1,0,180,0,59,56,58,57,45.0,283
1,5,1,0,1,1,1,15,45,0,53,48,46,38,68.0,240
1,15,2,1,1,1,1,0,180,0,65,66,64,68,55.0,325
0,13,1,1,1,0,1,45,180,0,48,36,47,36,45.0,210
1,4,5,0,1,1,1,90,45,0,50,45,48,37,54.0,228
0,12,1,1,1,1,1,15,180,0,53,44,50,45,47.0,240
0,13,1,0,0,0,1,15,45,1,37,46,39,40,45.0,204
1,2,1,0,0,0,1,45,120,1,35,30,41,42,37.0,185
1,4,1,0,1,0,2,90,45,0,50,52,45,43,42.0,235
1,15,2,1,1,1,1,15,180,0,37,37,41,26,49.0,182
0,13,1,0,0,0,1,15,45,0,50,31,33,37,36.0,188
1,15,1,1,1,1,1,15,45,0,45,36,40,39,48.0,203
1,14,1,0,1,1,1,15,45,1,60,53,45,53,45.0,261
1,5,1,0,1,0,1,15,15,1,44,39,35,37,41.0,195
1,4,3,1,1,0,0,45,120,0,62,68,62,54,65.0,309
1,13,1,0,1,1,1,45,45,0,60,44,66,63,59.0,292
1,28,2,0,1,0,1,15,45,0,55,53,51,53,55.0,266
0,9,2,1,1,1,1,45,120,0,55,53,50,48,48.0,256
1,22,1,0,1,0,1,15,15,1,59,59,45,60,49.0,276
1,6,1,0,1,1,1,45,15,0,67,55,60,64,59.0,307
0,22,1,0,0,0,0,15,180,0,65,67,66,67,53.0,326
0,22,3,1,1,1,1,45,15,0,67,66,66,66,79.0,336
0,3,1,0,1,0,1,15,120,0,47,40,39,38,45.0,207
0,6,2,1,0,1,0,15,45,0,56,73,67,58,67.0,319
1,15,3,1,1,1,1,90,120,0,57,55,53,38,67.0,260
0,15,3,1,1,1,1,45,120,0,61,59,65,67,63.0,315
0,5,3,0,1,0,2,90,45,1,52,58,42,41,28.0,233
0,10,4,0,1,0,1,0,45,1,41,46,39,30,45.0,197
0,4,1,0,0,0,0,45,180,0,54,68,53,51,48.0,279
0,10,1,0,1,0,1,0,15,0,46,52,55,51,52.0,255
0,22,2,1,1,0,1,0,180,0,33,37,34,33,36.0,172
1,15,1,1,0,1,1,45,45,0,48,44,50,42,63.0,237
0,2,2,0,1,1,2,15,45,1,36,36,34,32,32.0,172
1,4,3,1,1,1,0,45,180,0,54,52,58,59,53.0,278
1,8,2,0,1,1,2,45,120,0,49,52,37,53,43.0,237
0,2,2,1,1,1,2,45,180,0,56,52,49,21,48.0,224
0,28,2,1,0,1,2,15,45,0,41,38,31,35,36.0,181
0,26,2,1,1,0,1,0,180,0,68,60,54,61,53.0,301
0,20,2,0,0,0,1,45,15,0,42,40,42,42,37.0,206
0,2,2,0,1,0,1,15,15,1,59,46,52,42,43.0,246
0,13,2,0,1,0,1,15,45,0,49,46,54,45,46.0,242
1,15,1,1,1,1,1,15,180,0,61,50,47,46,36.0,249
1,31,1,0,1,0,1,90,180,1,49,43,43,46,47.0,227
1,15,3,1,1,1,1,15,180,0,62,57,55,47,53.0,275
0,26,2,1,1,1,1,45,120,0,59,59,56,56,63.0,290
0,5,1,1,1,0,1,15,45,1,38,38,36,32,41.0,182
0,13,0,0,0,0,1,15,15,1,45,39,40,37,39.0,201
1,18,1,0,1,0,1,0,120,0,72,66,64,71,56.0,337
1,15,3,1,1,1,1,0,15,0,43,42,36,37,35.0,196
1,28,3,1,1,1,1,45,180,0,74,84,69,71,83.0,376
0,15,4,1,1,1,2,15,45,0,62,60,59,56,70.0,300
0,15,1,1,1,1,1,15,45,0,62,40,45,43,56.0,241
0,31,2,1,1,1,1,15,15,0,45,54,44,44,31.0,228
0,18,0,1,1,1,1,15,180,0,42,42,41,32,53.0,202
1,28,3,1,1,1,1,15,120,0,56,48,45,44,40.0,238
1,13,1,0,1,1,1,90,180,1,38,34,31,30,32.0,166
0,9,2,1,1,1,1,45,120,0,53,56,55,51,58.0,270
1,30,2,1,1,0,2,15,45,0,39,40,45,31,43.0,195
0,6,1,0,1,0,1,0,15,0,48,60,53,48,40.0,257
0,21,6,0,1,1,1,45,120,0,55,47,44,47,52.0,243
1,29,1,0,0,0,2,45,0,1,40,25,41,27,31.0,165
1,31,1,1,1,0,1,45,120,0,66,63,69,65,57.0,325
0,29,2,0,1,0,1,45,45,0,50,47,42,43,62.0,234
1,5,2,1,0,1,1,0,45,0,45,48,44,35,41.0,214
0,14,3,1,1,1,2,45,180,0,54,45,56,49,54.0,256
0,2,3,1,1,1,1,90,180,0,46,36,41,36,49.0,202
0,30,3,1,1,1,1,15,120,0,65,64,64,68,71.0,328
1,31,2,1,1,1,1,15,45,0,44,42,42,43,48.0,216
0,13,1,0,1,0,1,45,120,0,62,55,61,62,46.0,295
0,2,3,1,1,1,1,45,120,0,57,66,58,58,52.0,296
0,28,2,1,1,1,2,0,180,0,55,46,47,33,40.0,224
1,15,1,1,1,0,2,45,120,0,61,66,57,63,53.0,305
0,5,1,1,1,0,1,15,45,0,46,47,39,35,36.0,207
1,4,2,0,1,0,1,15,45,0,53,42,50,52,45.0,245
0,24,1,0,0,0,1,120,15,0,40,40,42,44,37.0,206
1,5,3,1,1,0,2,15,120,0,56,50,47,45,44.0,245
0,2,3,1,1,1,2,45,120,0,46,54,44,40,53.0,233
0,28,4,1,1,1,1,90,45,0,67,66,69,67,80.0,341
1,31,2,1,1,1,1,15,180,1,41,40,41,34,41.0,196
1,20,0,1,1,0,2,0,180,1,42,51,42,32,44.0,210
1,2,1,1,0,0,1,0,45,0,51,48,39,44,49.0,229
1,2,5,1,1,1,2,15,180,0,54,61,51,64,59.0,288
0,15,3,1,1,1,2,45,180,0,63,59,56,69,59.0,308
1,14,1,1,1,1,1,0,120,0,50,49,47,39,53.0,234
1,15,1,1,1,1,1,15,15,0,40,48,43,37,48.0,212
1,15,3,1,1,1,1,0,120,0,53,63,56,53,62.0,283
1,19,2,0,0,0,0,45,45,0,58,56,55,59,54.0,284
1,14,2,0,1,0,1,15,0,1,54,52,51,49,45.0,255
0,21,1,0,1,1,1,15,45,0,67,32,40,58,62.0,251
0,15,1,1,0,1,1,45,120,0,44,50,56,44,51.0,243
0,6,2,1,1,1,1,45,120,0,55,52,48,48,49.0,253
1,4,1,1,1,1,1,15,45,0,53,40,44,50,47.0,234
0,28,3,1,1,1,2,45,120,0,50,63,48,42,42.0,250
1,2,3,1,1,1,1,15,45,0,54,49,50,50,48.0,253
0,18,2,1,1,1,1,45,45,0,66,59,48,68,47.0,296
0,2,3,1,1,1,1,45,120,0,57,65,65,60,71.0,312
0,28,2,1,1,1,1,90,45,0,68,74,70,79,79.0,366
0,26,3,1,1,1,2,90,180,0,48,53,53,40,43.0,240
1,15,2,0,1,0,1,45,15,0,55,46,52,62,59.0,271
0,12,1,0,1,0,1,90,0,0,36,35,41,25,29.0,169
0,2,2,1,1,1,1,45,120,0,45,47,45,40,43.0,221
0,2,1,0,0,0,1,45,15,1,45,41,51,56,42.0,239
0,24,3,0,1,0,1,0,15,0,55,43,48,43,40.0,233
0,15,2,1,1,1,1,45,45,0,68,64,59,62,71.0,319
0,23,2,0,1,0,1,15,45,0,47,42,46,51,49.0,233
0,11,1,0,0,0,1,15,15,0,40,42,36,42,46.0,202
1,19,1,0,0,0,0,45,45,0,34,40,37,31,43.0,180
1,4,2,0,1,0,1,15,120,0,39,34,42,40,45.0,196
1,19,1,0,1,1,1,15,180,0,56,59,46,50,52.0,263
0,12,1,0,0,0,1,45,0,1,39,43,35,35,32.0,188
0,20,1,1,1,1,0,15,45,0,54,39,39,45,43.0,221
1,3,2,1,1,1,1,15,45,0,66,74,78,71,60.0,357
0,7,2,0,1,1,1,45,45,1,50,49,53,51,51.0,254
0,28,2,1,0,1,0,90,180,0,48,46,49,41,45.0,230
1,2,2,0,0,0,0,90,120,0,49,61,64,61,50.0,290
1,26,1,0,0,0,1,15,45,0,46,45,50,39,49.0,227
1,31,2,0,1,0,1,0,15,0,60,52,51,53,70.0,276
0,28,1,0,0,1,2,15,0,0,64,69,66,66,61.0,329
0,2,3,1,1,1,1,0,180,1,55,59,44,48,54.0,258
1,14,3,1,1,1,0,0,45,0,49,48,51,56,54.0,256
0,2,2,0,1,0,2,45,45,0,49,51,48,36,46.0,230
1,28,3,1,1,0,0,15,15,0,37,57,53,48,44.0,242
0,23,1,0,1,0,2,45,15,0,52,42,48,40,45.0,227
0,5,1,0,1,0,1,90,120,0,46,41,40,32,44.0,200
0,2,2,1,1,1,0,15,120,0,73,66,59,63,67.0,327
0,2,2,0,0,0,0,45,120,0,48,25,35,35,40.0,180
1,21,3,0,0,0,1,15,120,0,57,44,52,53,42.0,254
0,15,3,1,1,1,1,45,120,0,63,49,51,58,60.0,278
1,22,2,1,1,1,1,15,120,0,70,61,64,71,66.0,332
0,2,2,0,0,0,1,15,120,0,60,25,49,54,47.0,235
0,20,2,0,0,0,0,0,180,0,45,43,42,42,41.0,214
1,15,2,1,1,1,1,45,45,0,51,56,46,49,46.0,251
0,15,4,1,1,1,1,90,120,0,69,61,65,67,80.0,333
1,22,1,0,1,0,2,15,0,0,31,42,35,29,28.0,169
